t,theta1,theta2,omega1,omega2,tau1,tau2,alpha1_pred,alpha2_pred
0.0,0.1,0.05,0.0,0.0,1.0,0.0,-7.770196914672852,18.501262664794922
0.002,0.09996891921234131,0.05007400505065918,-0.015540393829345703,0.03700252532958984,1.0,0.0,-7.759158134460449,18.474021911621094
0.004,0.09990680179214478,0.05022190618896485,-0.0310587100982666,0.07395056915283203,1.0,0.0,-7.748208045959473,18.446828842163086
0.006,0.09981369153976441,0.050443594642639165,-0.04655512619018554,0.11084422683715821,1.0,0.0,-7.737351894378662,18.41970443725586
0.008,0.09968963187980652,0.050738961914062505,-0.062029829978942866,0.14768363571166992,1.0,0.0,-7.7265825271606445,18.39263916015625
0.01,0.09953466588974,0.05110789974212647,-0.07748299503326415,0.18446891403198243,1.0,0.0,-7.715895652770996,18.3655948638916
0.012,0.09934883631706239,0.051550299949646,-0.09291478633880615,0.22120010375976562,1.0,0.0,-7.705292701721191,18.338621139526367
0.014,0.09913218557357789,0.05206605464172364,-0.10832537174224853,0.25787734603881834,1.0,0.0,-7.694778919219971,18.31171417236328
0.016,0.09888475571441652,0.05265505619049073,-0.12371492958068847,0.29450077438354494,1.0,0.0,-7.684350490570068,18.284835815429688
0.018000000000000002,0.09860658845329286,0.053317197082519543,-0.1390836305618286,0.33107044601440433,1.0,0.0,-7.674007415771484,18.25801658630371
0.02,0.09829772516250611,0.05405237004089357,-0.15443164539337156,0.36758647918701176,1.0,0.0,-7.663727283477783,18.2312068939209
0.022,0.09795820696258545,0.05486046782684328,-0.16975909996032712,0.4040488929748536,1.0,0.0,-7.653529167175293,18.204463958740234
0.024,0.09758807464599609,0.05574138346862795,-0.1850661582946777,0.44045782089233404,1.0,0.0,-7.643390655517578,18.17770767211914
0.026000000000000002,0.09718736876678466,0.05669500994110109,-0.20035293960571288,0.47681323623657235,1.0,0.0,-7.633331775665283,18.151010513305664
0.028,0.09675612956047057,0.05772124045562746,-0.21561960315704345,0.5131152572631836,1.0,0.0,-7.623328685760498,18.124298095703125
0.03,0.09629439703941343,0.05881996816253664,-0.23086626052856446,0.5493638534545899,1.0,0.0,-7.613373756408691,18.097579956054688
0.032,0.09580221102333067,0.059991086189270036,-0.24609300804138184,0.5855590133666994,1.0,0.0,-7.603474140167236,18.07086753845215
0.034,0.09527961111068724,0.061234487686157246,-0.2612999563217163,0.6217007484436037,1.0,0.0,-7.593615531921387,18.044111251831055
0.036000000000000004,0.09472663673591612,0.06255006562805178,-0.2764871873855591,0.6577889709472657,1.0,0.0,-7.583787441253662,18.017343521118164
0.038,0.09414332721138,0.06393771294403078,-0.2916547622680664,0.6938236579895021,1.0,0.0,-7.573987007141113,17.990535736083984
0.04,0.0935297217388153,0.06539732240295412,-0.30680273628234866,0.7298047294616701,1.0,0.0,-7.564201354980469,17.963642120361328
0.042,0.09288585946083068,0.0669287864303589,-0.32193113899230963,0.7657320137023927,1.0,0.0,-7.554432392120361,17.936691284179688
0.044,0.09221177945327758,0.0685319972229004,-0.33704000377655036,0.8016053962707521,1.0,0.0,-7.544663906097412,17.909645080566406
0.046,0.09150752079010009,0.07020684659576418,-0.35212933158874515,0.837424686431885,1.0,0.0,-7.534877777099609,17.882476806640625
0.048,0.0907731226158142,0.07195322587585451,-0.36719908714294436,0.8731896400451662,1.0,0.0,-7.525073051452637,17.855205535888672
0.05,0.09000862414932251,0.07377102597808839,-0.38224923324584964,0.9089000511169435,1.0,0.0,-7.515232086181641,17.8277645111084
0.052000000000000005,0.08921406475448608,0.07566013713836671,-0.3972796974182129,0.9445555801391603,1.0,0.0,-7.505349159240723,17.800172805786133
0.054,0.08838948396301269,0.07762044898986817,-0.41229039573669435,0.9801559257507325,1.0,0.0,-7.4954071044921875,17.77239418029785
0.056,0.08753492154312133,0.07965185041809082,-0.4272812099456787,1.0157007141113281,1.0,0.0,-7.485387802124023,17.74439239501953
0.058,0.08665041757202148,0.08175422941589355,-0.44225198554992673,1.0511894989013673,1.0,0.0,-7.475285530090332,17.71617317199707
0.06,0.08573601245880126,0.08392747310638428,-0.4572025566101074,1.0866218452453613,1.0,0.0,-7.465086460113525,17.687698364257812
0.062,0.0847917469997406,0.08617146759033203,-0.4721327295303344,1.1219972419738768,1.0,0.0,-7.454756259918213,17.658912658691406
0.064,0.08381766251564025,0.08848609772491456,-0.4870422420501708,1.1573150672912598,1.0,0.0,-7.444299221038818,17.62983512878418
0.066,0.08281380083465575,0.09087124720001222,-0.5019308404922485,1.192574737548828,1.0,0.0,-7.433690071105957,17.60041046142578
0.068,0.08178020439338683,0.09332679831695558,-0.5167982206344603,1.2277755584716796,1.0,0.0,-7.4229044914245605,17.57061767578125
0.07,0.08071691633415222,0.09585263190460205,-0.5316440296173095,1.2629167938232422,1.0,0.0,-7.411930084228516,17.540422439575195
0.07200000000000001,0.07962398055458068,0.09844862718200684,-0.5464678897857665,1.2979976387023926,1.0,0.0,-7.4007487297058105,17.509790420532227
0.074,0.07850144178009033,0.10111466162109375,-0.5612693872451782,1.333017219543457,1.0,0.0,-7.389336585998535,17.47870635986328
0.076,0.07734934565925598,0.10385061088562011,-0.5760480604171753,1.3679746322631836,1.0,0.0,-7.377671718597412,17.447092056274414
0.078,0.07616773885154725,0.10665634851837158,-0.5908034038543701,1.4028688163757324,1.0,0.0,-7.365725517272949,17.414955139160156
0.08,0.07495666914176942,0.10953174597167968,-0.605534854888916,1.4376987266540526,1.0,0.0,-7.353487968444824,17.38222885131836
0.082,0.07371618548011781,0.11247667234039306,-0.6202418308258056,1.4724631843566893,1.0,0.0,-7.340920448303223,17.3488826751709
0.084,0.07244633813667299,0.11549099423980712,-0.634923671722412,1.507160949707031,1.0,0.0,-7.328014373779297,17.31487464904785
0.08600000000000001,0.07114717873573305,0.11857457563781737,-0.6495797004699706,1.5417906990051269,1.0,0.0,-7.314736843109131,17.280179977416992
0.088,0.06981876038742067,0.12172727775573729,-0.6642091741561889,1.576351058959961,1.0,0.0,-7.301059722900391,17.24472999572754
0.09,0.06846113780021669,0.12494895879364012,-0.6788112936019897,1.6108405189514161,1.0,0.0,-7.286952495574951,17.2084903717041
0.092,0.06707436740303041,0.12823947379302977,-0.6933851985931395,1.6452574996948244,1.0,0.0,-7.272418022155762,17.17143440246582
0.094,0.06565850733375551,0.1315986745300293,-0.7079300346374511,1.679600368499756,1.0,0.0,-7.25738000869751,17.133466720581055
0.096,0.06421361774444583,0.13502640913391115,-0.7224447946548461,1.713867301940918,1.0,0.0,-7.241851329803467,17.094587326049805
0.098,0.06273976074981692,0.13852252208709717,-0.7369284973144531,1.7480564765930178,1.0,0.0,-7.225784778594971,17.054729461669922
0.1,0.061237000616073636,0.1420868539581299,-0.751380066871643,1.7821659355163577,1.0,0.0,-7.209165096282959,17.013858795166016
0.10200000000000001,0.05970540382194522,0.14571924126434327,-0.7657983970642089,1.8161936531066898,1.0,0.0,-7.191952705383301,16.971887588500977
0.10400000000000001,0.058145039216995265,0.14941951612091064,-0.7801823024749756,1.8501374282836918,1.0,0.0,-7.174137592315674,16.92884635925293
0.106,0.05655597806167605,0.15318750636291503,-0.7945305776596069,1.8839951210021977,1.0,0.0,-7.155660152435303,16.88457489013672
0.108,0.0549382942657471,0.15702303490447997,-0.8088418979644775,1.9177642707824711,1.0,0.0,-7.136531352996826,16.839101791381836
0.11,0.053292064344406156,0.16092591985321045,-0.8231149606704711,1.9514424743652348,1.0,0.0,-7.1166911125183105,16.792333602905273
0.112,0.05161736765861514,0.16489597413635254,-0.8373483428955077,1.9850271415710452,1.0,0.0,-7.096133232116699,16.744245529174805
0.114,0.04991428643989566,0.16893300540161132,-0.8515406093597412,2.018515632629395,1.0,0.0,-7.074833869934082,16.69478416442871
0.116,0.04818290588569644,0.17303681580352784,-0.8656902770996093,2.0519052009582524,1.0,0.0,-7.052760601043701,16.643901824951172
0.11800000000000001,0.04642331428909304,0.17720720181274416,-0.8797957983016967,2.0851930046081546,1.0,0.0,-7.029888153076172,16.591510772705078
0.12,0.04463560313987734,0.1814439538650513,-0.893855574607849,2.1183760261535647,1.0,0.0,-7.006201267242432,16.53760528564453
0.122,0.04281986718559267,0.18574685633850102,-0.9078679771423339,2.1514512367248537,1.0,0.0,-6.981680870056152,16.482141494750977
0.124,0.040976204507827775,0.19011568737792972,-0.9218313388824462,2.1844155197143555,1.0,0.0,-6.956297874450684,16.4250431060791
0.126,0.03910471663856508,0.19455021858978275,-0.9357439346313475,2.2172656059265137,1.0,0.0,-6.930044174194336,16.366283416748047
0.128,0.03720550859260561,0.19905021493530276,-0.9496040229797362,2.2499981727600096,1.0,0.0,-6.902902603149414,16.305810928344727
0.13,0.03527868893623354,0.20361543452453615,-0.963409828186035,2.282609794616699,1.0,0.0,-6.874860763549805,16.243606567382812
0.132,0.03332436983680727,0.20824562854003908,-0.9771595497131347,2.3150970077514645,1.0,0.0,-6.845897674560547,16.179590225219727
0.134,0.031342667146682754,0.2129405409164429,-0.9908513450622558,2.347456188201904,1.0,0.0,-6.816032409667969,16.113800048828125
0.136,0.029333700326919572,0.21769990849304202,-1.0044834098815918,2.3796837882995603,1.0,0.0,-6.785232067108154,16.046154022216797
0.138,0.027297592578887957,0.22252346068573,-1.018053874015808,2.411776096343994,1.0,0.0,-6.753502368927002,15.976602554321289
0.14,0.025234470821380632,0.22741091928863527,-1.031560878753662,2.4437293014526364,1.0,0.0,-6.7208404541015625,15.905155181884766
0.14200000000000002,0.0231444657020569,0.23236199851226808,-1.0450025596618653,2.475539611816406,1.0,0.0,-6.687261581420898,15.831804275512695
0.14400000000000002,0.02102771153640749,0.23737640495300294,-1.058377082824707,2.5072032203674315,1.0,0.0,-6.652768611907959,15.756507873535156
0.146,0.018884346296310445,0.24245383742523194,-1.071682620048523,2.5387162361145017,1.0,0.0,-6.617362976074219,15.679239273071289
0.148,0.0167145116043091,0.24759398685455322,-1.0849173460006714,2.5700747146606444,1.0,0.0,-6.5810651779174805,15.600052833557129
0.15,0.014518352651596088,0.2527965364952087,-1.0980794763565063,2.6012748203277587,1.0,0.0,-6.543890953063965,15.518879890441895
0.152,0.01229601813507082,0.25806116165542603,-1.1111672582626342,2.6323125801086427,1.0,0.0,-6.505853652954102,15.435754776000977
0.154,0.010047660203933734,0.26338752983474734,-1.1241789655685424,2.6631840896606445,1.0,0.0,-6.466987609863281,15.350675582885742
0.156,0.0077734343223571966,0.26877530071640016,-1.137112940788269,2.693885440826416,1.0,0.0,-6.427319049835205,15.263671875
0.158,0.005473499164581318,0.274224126285553,-1.1499675788879393,2.7244127845764163,1.0,0.0,-6.386875629425049,15.174755096435547
0.16,0.0031480165042877387,0.27973365087509156,-1.1627413301467895,2.7547622947692876,1.0,0.0,-6.345686435699463,15.083930969238281
0.162,0.0007971510982513618,0.2853035111885071,-1.1754327030181884,2.7849301567077642,1.0,0.0,-6.3038010597229,14.991260528564453
0.164,-0.001578929512023907,0.2909333365440369,-1.1880403051376343,2.814912677764893,1.0,0.0,-6.261262893676758,14.896748542785645
0.166,-0.003980055173873883,0.29662274889373785,-1.2005628309249878,2.8447061748504643,1.0,0.0,-6.218103885650635,14.800464630126953
0.168,-0.006406053251266461,0.3023713631019593,-1.212999038696289,2.874307104110718,1.0,0.0,-6.174374103546143,14.702445030212402
0.17,-0.008856748825073223,0.30817878709030155,-1.2253477869033813,2.903711994171143,1.0,0.0,-6.130132675170898,14.602741241455078
0.17200000000000001,-0.01133196492958067,0.31404462204360967,-1.2376080522537232,2.9329174766540533,1.0,0.0,-6.085425853729248,14.501441955566406
0.17400000000000002,-0.013831522737503033,0.31996846276474006,-1.2497789039611817,2.9619203605651863,1.0,0.0,-6.040315628051758,14.398567199707031
0.176,-0.016355241807937605,0.32594989775466926,-1.2618595352172852,2.9907174949646005,1.0,0.0,-5.994862079620361,14.29422664642334
0.178,-0.018902940326690657,0.33198850965118415,-1.273849259376526,3.0193059482574474,1.0,0.0,-5.949110507965088,14.188444137573242
0.18,-0.02147443528747557,0.3380838753242493,-1.2857474803924562,3.047682836532594,1.0,0.0,-5.903143405914307,14.081338882446289
0.182,-0.02406954282188414,0.3442355663528443,-1.297553767204285,3.0758455142974865,1.0,0.0,-5.857011795043945,13.973006248474121
0.184,-0.026688078403472884,0.3504431494064332,-1.3092677907943728,3.103791526794435,1.0,0.0,-5.81078577041626,13.863502502441406
0.186,-0.029329857128143295,0.3567061864700318,-1.3208893623352054,3.1315185317993177,1.0,0.0,-5.7645368576049805,13.752951622009277
0.188,-0.03199469400024413,0.3630242353401185,-1.3324184360504154,3.159024435043336,1.0,0.0,-5.718319892883301,13.641424179077148
0.19,-0.03468240415191649,0.3693968499069215,-1.343855075836182,3.1863072834014905,1.0,0.0,-5.67220401763916,13.529019355773926
0.192,-0.03739280311965942,0.37582358055114756,-1.3551994838714603,3.2133653221130385,1.0,0.0,-5.626272201538086,13.415860176086426
0.194,-0.04012570717620849,0.38230397463607796,-1.3664520282745365,3.2401970424652116,1.0,0.0,-5.580570220947266,13.302024841308594
0.196,-0.04288093351364135,0.3888375768203736,-1.377613168716431,3.2668010921478285,1.0,0.0,-5.535162448883057,13.187658309936523
0.198,-0.04565830050086974,0.395423929637909,-1.3886834936141972,3.293176408767702,1.0,0.0,-5.4901275634765625,13.072810173034668
0.2,-0.04845762799835204,0.40206257369613657,-1.3996637487411503,3.319322029113771,1.0,0.0,-5.445526599884033,12.957603454589844
0.202,-0.05127873760223388,0.4087530481681825,-1.4105548019409184,3.3452372360229505,1.0,0.0,-5.401413440704346,12.842194557189941
0.20400000000000001,-0.05412145285987853,0.41549489141845714,-1.421357628822327,3.3709216251373304,1.0,0.0,-5.3578410148620605,12.7266263961792
0.20600000000000002,-0.05698559948158263,0.4222876411743165,-1.4320733108520511,3.3963748779296887,1.0,0.0,-5.314875602722168,12.611024856567383
0.20800000000000002,-0.05987100560569762,0.42913083502960214,-1.4427030620574954,3.4215969276428235,1.0,0.0,-5.272572040557861,12.495482444763184
0.21,-0.06277750201797484,0.43602401081466685,-1.4532482061386112,3.44658789253235,1.0,0.0,-5.230972766876221,12.380118370056152
0.212,-0.06570492232131957,0.4429667070732118,-1.4637101516723636,3.4713481292724624,1.0,0.0,-5.190122127532959,12.265022277832031
0.214,-0.06865310311317442,0.44995846342086804,-1.4740903959274296,3.4958781738281264,1.0,0.0,-5.1500630378723145,12.150260925292969
0.216,-0.07162188415718077,0.4569988208122255,-1.4843905220031743,3.5201786956787124,1.0,0.0,-5.11082649230957,12.035924911499023
0.218,-0.07461110850715635,0.4640873219032289,-1.4946121749877934,3.5442505455017104,1.0,0.0,-5.072465896606445,11.922113418579102
0.22,-0.07762062272071836,0.47122351144790664,-1.5047571067810064,3.5680947723388687,1.0,0.0,-5.034992218017578,11.8089017868042
0.222,-0.08065027690315245,0.4784069365997316,-1.5148270912170416,3.591712575912477,1.0,0.0,-4.998440265655518,11.6963472366333
0.224,-0.08369992484664915,0.4856371471405031,-1.5248239717483527,3.615105270385744,1.0,0.0,-4.962825298309326,11.584558486938477
0.226,-0.08676942409133909,0.4929136959152223,-1.5347496223449715,3.638274387359621,1.0,0.0,-4.928167819976807,11.473527908325195
0.228,-0.08985863600730894,0.5002361388015749,-1.5446059579849252,3.661221443176271,1.0,0.0,-4.89445161819458,11.363322257995605
0.23,-0.09296742572975157,0.5076040349769595,-1.5543948612213143,3.6839480876922623,1.0,0.0,-4.861711502075195,11.254006385803223
0.232,-0.0960956622982025,0.5150169471778873,-1.5641182842254646,3.706456100463869,1.0,0.0,-4.829942226409912,11.145628929138184
0.234,-0.09924321863555907,0.5224744418945315,-1.5737781686782844,3.7287473583221455,1.0,0.0,-4.799130439758301,11.038169860839844
0.23600000000000002,-0.10240997149467468,0.5299760892906191,-1.583376429557801,3.7508236980438254,1.0,0.0,-4.769253253936768,10.931659698486328
0.23800000000000002,-0.10559580136680603,0.5375214633255008,-1.5929149360656745,3.772687017440798,1.0,0.0,-4.740311622619629,10.82614803314209
0.24,-0.10880059248542787,0.545110141952515,-1.6023955593109138,3.7943393135070824,1.0,0.0,-4.712284088134766,10.721611976623535
0.242,-0.11202423274040223,0.5527417070274356,-1.6118201274871833,3.8157825374603296,1.0,0.0,-4.6851325035095215,10.618019104003906
0.244,-0.11526661352539064,0.5604157441787723,-1.6211903924942024,3.8370185756683375,1.0,0.0,-4.658843040466309,10.515421867370605
0.246,-0.11852762968254091,0.5681318430175785,-1.630508078575135,3.8580494194030788,1.0,0.0,-4.633369445800781,10.413753509521484
0.248,-0.12180717931747438,0.5758895968704227,-1.6397748174667364,3.8788769264221217,1.0,0.0,-4.608678817749023,10.312997817993164
0.25,-0.12510516366767885,0.5836886027145389,-1.6489921751022345,3.899502922058108,1.0,0.0,-4.584709167480469,10.21311092376709
0.252,-0.12842148685455324,0.5915284610023502,-1.6581615934371954,3.9199291439056423,1.0,0.0,-4.561429500579834,10.114039421081543
0.254,-0.13175605575942995,0.5994087754478459,-1.667284452438355,3.940157222747805,1.0,0.0,-4.538800239562988,10.015789031982422
0.256,-0.1351087798652649,0.6073291530494694,-1.676362052917481,3.9601888008117703,1.0,0.0,-4.516744613647461,9.918256759643555
0.258,-0.13847957094955446,0.6152892036781316,-1.685395542144776,3.9800253143310576,1.0,0.0,-4.495227813720703,9.82140827178955
0.26,-0.1418683429450989,0.6232885399398809,-1.6943859977722173,3.9996681308746367,1.0,0.0,-4.474181175231934,9.725136756896973
0.262,-0.14527501166534426,0.6313267767486578,-1.7033343601226811,4.019118404388431,1.0,0.0,-4.453534126281738,9.629414558410645
0.264,-0.14869949452209474,0.6394035312156683,-1.7122414283752445,4.038377233505252,1.0,0.0,-4.433241844177246,9.534180641174316
0.266,-0.15214171034622195,0.6475184224052435,-1.721107912063599,4.057445594787601,1.0,0.0,-4.4132184982299805,9.439308166503906
0.268,-0.15560157904434208,0.6556710708274847,-1.729934349060059,4.076324211120609,1.0,0.0,-4.393433094024658,9.344770431518555
0.27,-0.1590790214748383,0.6638610983314519,-1.7387212152481082,4.095013751983646,1.0,0.0,-4.373793125152588,9.250467300415039
0.272,-0.16257395907783512,0.6720881277046209,-1.7474688014984134,4.113514686584476,1.0,0.0,-4.354242324829102,9.156295776367188
0.274,-0.16608631365013127,0.6803517822608953,-1.7561772861480716,4.1318272781372105,1.0,0.0,-4.334720134735107,9.062210083007812
0.276,-0.16961600710296634,0.6886516856575018,-1.7648467264175418,4.1499516983032265,1.0,0.0,-4.315165042877197,8.968128204345703
0.278,-0.17316296121597294,0.6969874615669256,-1.7734770565032962,4.167887954711918,1.0,0.0,-4.2955121994018555,8.873963356018066
0.28,-0.17672709737777714,0.7053587333297735,-1.7820680809021,4.185635881423954,1.0,0.0,-4.275704383850098,8.77963924407959
0.28200000000000003,-0.18030833635711674,0.7137651236495978,-1.7906194896698,4.203195159912113,1.0,0.0,-4.255693435668945,8.685087203979492
0.28400000000000003,-0.18390659811019902,0.7222062543182379,-1.7991308765411378,4.220565334320072,1.0,0.0,-4.235401153564453,8.590229034423828
0.28600000000000003,-0.18752180146789554,0.7306817459030157,-1.8076016788482667,4.237745792388919,1.0,0.0,-4.2147955894470215,8.495041847229004
0.28800000000000003,-0.19115386400794987,0.7391912176551825,-1.8160312700271608,4.2547358760833776,1.0,0.0,-4.193831920623779,8.399445533752441
0.29,-0.19480270187568668,0.7477342871894842,-1.8244189338684083,4.271534767150882,1.0,0.0,-4.172449588775635,8.303357124328613
0.292,-0.1984682295417786,0.7563105701522833,-1.8327638330459595,4.288141481399539,1.0,0.0,-4.1506195068359375,8.206783294677734
0.294,-0.20215035968589784,0.7649196802482611,-1.8410650720596313,4.304555047988895,1.0,0.0,-4.12830924987793,8.109650611877441
0.296,-0.20584900306701662,0.7735612289466863,-1.8493216905593872,4.32077434921265,1.0,0.0,-4.105474948883057,8.01193904876709
0.298,-0.20956406834793093,0.7822348254013067,-1.8575326404571533,4.336798227310184,1.0,0.0,-4.082095623016357,7.913661003112793
0.3,-0.2132954620113373,0.7909400764999396,-1.865696831703186,4.35262554931641,1.0,0.0,-4.058159351348877,7.814775466918945
0.302,-0.21704308831214908,0.7996765867004401,-1.8738131504058837,4.368255100250248,1.0,0.0,-4.033626079559326,7.715248107910156
0.304,-0.22080684911727907,0.8084439578933722,-1.8818804025650024,4.383685596466068,1.0,0.0,-4.008525371551514,7.615143775939941
0.306,-0.22458664402389528,0.8172417896614081,-1.8898974533081054,4.398915884017948,1.0,0.0,-3.982811689376831,7.514400005340576
0.308,-0.228382370177269,0.8260696790294654,-1.8978630766868592,4.413944684028629,1.0,0.0,-3.956507444381714,7.4131340980529785
0.31,-0.23219392236042025,0.8349272209339148,-1.9057760915756226,4.428770952224735,1.0,0.0,-3.9296045303344727,7.311280250549316
0.312,-0.23602119296169283,0.8438140079593665,-1.9136353006362914,4.443393512725834,1.0,0.0,-3.9021196365356445,7.208943843841553
0.314,-0.23986407204151156,0.8527296307601935,-1.9214395399093627,4.457811400413517,1.0,0.0,-3.874063014984131,7.106139183044434
0.316,-0.24372244737339022,0.8616736781177526,-1.929187665939331,4.472023678779606,1.0,0.0,-3.8454573154449463,7.002920627593994
0.318,-0.24759620453453066,0.8706457371578222,-1.9368785805702209,4.486029520034794,1.0,0.0,-3.8163294792175293,6.899346828460693
0.32,-0.25148522701358794,0.8796453935852057,-1.944511239528656,4.499828213691716,1.0,0.0,-3.786700487136841,6.795505046844482
0.322,-0.2553893962945938,0.8886722320327765,-1.9520846405029295,4.513419223785405,1.0,0.0,-3.7565910816192627,6.691458702087402
0.324,-0.2593085919399261,0.8977258363151556,-1.959597822666168,4.52680214118958,1.0,0.0,-3.7260608673095703,6.587273120880127
0.326,-0.26324269182872767,0.9068057896900182,-1.9670499444007872,4.5399766874313405,1.0,0.0,-3.6951351165771484,6.48304557800293
0.328,-0.26719157225799556,0.915911675247193,-1.9744402146339415,4.552942778587346,1.0,0.0,-3.6638593673706055,6.378839015960693
0.33,-0.2711551081247329,0.9250430761604315,-1.9817679333686826,4.565700456619267,1.0,0.0,-3.6322810649871826,6.274783134460449
0.332,-0.2751331731157302,0.9341995762062079,-1.989032495498657,4.578250022888188,1.0,0.0,-3.600450038909912,6.170931816101074
0.334,-0.27912563990688316,0.9433807599792486,-1.9962333955764768,4.59059188652039,1.0,0.0,-3.568397283554077,6.067388534545898
0.336,-0.2831323802871703,0.9525862133064276,-2.003370190143585,4.602726663589482,1.0,0.0,-3.536189317703247,5.964247703552246
0.338,-0.2871532654247283,0.9618155236244207,-2.0104425687789917,4.6146551589965865,1.0,0.0,-3.503877639770508,5.86161994934082
0.34,-0.29118816607284537,0.9710682804222113,-2.0174503240585326,4.626378398895268,1.0,0.0,-3.471508026123047,5.759572982788086
0.342,-0.29523695275306694,0.9803440755119329,-2.0243933401107785,4.637897544860844,1.0,0.0,-3.439140558242798,5.658200740814209
0.34400000000000003,-0.29929949599552147,0.9896425034046179,-2.031271621227264,4.649213946342472,1.0,0.0,-3.4068186283111572,5.557610034942627
0.34600000000000003,-0.30337566651248926,0.9989631617374426,-2.0380852584838864,4.660329166412358,1.0,0.0,-3.374596118927002,5.457849502563477
0.34800000000000003,-0.3074653354139327,1.0083056514682776,-2.0448344507217406,4.671244865417485,1.0,0.0,-3.34252667427063,5.359023094177246
0.35000000000000003,-0.3115683744220733,1.0176695772914892,-2.051519504070282,4.681962911605839,1.0,0.0,-3.310654401779175,5.2612152099609375
0.352,-0.315684656047821,1.0270545479755406,-2.05814081287384,4.692485342025761,1.0,0.0,-3.2790305614471436,5.164482116699219
0.354,-0.31981405379581446,1.036460176588059,-2.0646988739967345,4.702814306259159,1.0,0.0,-3.2477049827575684,5.068887710571289
0.356,-0.32395644236373894,1.0458860807514196,-2.0711942839622495,4.712952081680302,1.0,0.0,-3.216717004776001,4.974490642547607
0.358,-0.3281116977996825,1.0553318828773504,-2.0776277179718017,4.722901062965398,1.0,0.0,-3.186108112335205,4.881354808807373
0.36,-0.33227969766807547,1.0647972104225163,-2.083999934196472,4.732663772583012,1.0,0.0,-3.155928134918213,4.789515018463135
0.362,-0.3364603212490081,1.0742816960277561,-2.0903117904663087,4.742242802619939,1.0,0.0,-3.126185178756714,4.699044227600098
0.364,-0.34065344957065574,1.0837849778099065,-2.096564160823822,4.751640891075139,1.0,0.0,-3.0969395637512207,4.609918594360352
0.366,-0.3448589656505584,1.0933066992664342,-2.1027580399513246,4.76086072826386,1.0,0.0,-3.068211555480957,4.522190570831299
0.368,-0.34907675457668297,1.1028465094852453,-2.1088944630622866,4.7699051094055225,1.0,0.0,-3.0400431156158447,4.4359025955200195
0.37,-0.35330670367527,1.1124040633144385,-2.1149745492935184,4.778776914596563,1.0,0.0,-3.0124359130859375,4.351037502288818
0.372,-0.35754870251750936,1.121979021293641,-2.12099942111969,4.78747898960114,1.0,0.0,-2.9854252338409424,4.267635345458984
0.374,-0.3618026430606841,1.131571049814225,-2.126970271587372,4.796014260292058,1.0,0.0,-2.959036111831665,4.185666084289551
0.376,-0.3660684197483062,1.1411798209991464,-2.1328883438110355,4.804385592460637,1.0,0.0,-2.9332704544067383,4.105136394500732
0.378,-0.37034592951774586,1.1508050127296456,-2.138754884719849,4.812595865249638,1.0,0.0,-2.9081554412841797,4.026018142700195
0.38,-0.3746350719089507,1.1604463085327157,-2.1445711956024174,4.820647901535039,1.0,0.0,-2.8836843967437744,3.9483277797698975
0.382,-0.37893574903774246,1.1701033976469049,-2.1503385643959048,4.828544557094578,1.0,0.0,-2.8598744869232178,3.872020721435547
0.384,-0.383247865664482,1.1797759748439798,-2.1560583133697513,4.8362885985374495,1.0,0.0,-2.836731433868408,3.7970757484436035
0.386,-0.387571329216957,1.1894637403440484,-2.161731776237488,4.843882750034337,1.0,0.0,-2.8142573833465576,3.7234904766082764
0.388,-0.3919060497989653,1.1991663998060236,-2.167360291004181,4.851329730987553,1.0,0.0,-2.792450428009033,3.6511895656585693
0.39,-0.3962519401826857,1.2088836640262612,-2.172945191860199,4.85863211011887,1.0,0.0,-2.771314859390259,3.5801494121551514
0.392,-0.4006089158258437,1.2186152488441475,-2.1784878215789796,4.86579240894318,1.0,0.0,-2.7508440017700195,3.5103278160095215
0.394,-0.4049768948450087,1.228360874973298,-2.1839895095825197,4.872813064575198,1.0,0.0,-2.731031894683838,3.4417083263397217
0.396,-0.4093557979917525,1.2381202679357537,-2.1894515733718873,4.879696481227878,1.0,0.0,-2.711874485015869,3.374206304550171
0.398,-0.4137455486364363,1.2478931577234276,-2.194875322341919,4.886444893836979,1.0,0.0,-2.6933529376983643,3.30780291557312
0.4,-0.41814607269287096,1.2576792787227637,-2.200262028217316,4.893060499668125,1.0,0.0,-2.6754696369171143,3.242446184158325
0.402,-0.42255729862785324,1.2674783695068366,-2.20561296749115,4.899545392036441,1.0,0.0,-2.6582138538360596,3.178044557571411
0.404,-0.4269791574182509,1.2772901724691397,-2.2109293951988223,4.905901481151584,1.0,0.0,-2.6415669918060303,3.114609956741333
0.406,-0.43141158247661576,1.28711443387127,-2.2162125291824344,4.912130701065067,1.0,0.0,-2.6255416870117188,3.0520548820495605
0.40800000000000003,-0.4358545097017287,1.2969509034929283,-2.221463612556458,4.918234810829166,1.0,0.0,-2.6100881099700928,2.990346908569336
0.41000000000000003,-0.44030787727928145,1.3067993345022209,-2.226683788776398,4.9242155046463045,1.0,0.0,-2.595212459564209,2.929405689239502
0.41200000000000003,-0.4447716257066725,1.3166594831342704,-2.2318742136955265,4.9300743160247835,1.0,0.0,-2.58090877532959,2.8691794872283936
0.41400000000000003,-0.4492456977691649,1.3265311084842688,-2.237036031246186,4.93581267499924,1.0,0.0,-2.56714129447937,2.809616804122925
0.41600000000000004,-0.4537300383968352,1.3364139723014838,-2.2421703138351448,4.941431908607486,1.0,0.0,-2.553925037384033,2.7506844997406006
0.418,-0.458224594724655,1.3463078388566978,-2.247278163909913,4.946933277606967,1.0,0.0,-2.541224479675293,2.692286252975464
0.42,-0.4627293159503935,1.3562124745569237,-2.2523606128692633,4.952317850112919,1.0,0.0,-2.529046058654785,2.6344244480133057
0.422,-0.4672441533603667,1.3661276479549416,-2.257418704986573,4.957586699008945,1.0,0.0,-2.517352342605591,2.576997756958008
0.424,-0.47176906017971026,1.3760531293439873,-2.2624534096717843,4.962740694522861,1.0,0.0,-2.5061516761779785,2.519961357116699
0.426,-0.47630399160575854,1.3859886905784615,-2.2674657130241402,4.967780617237094,1.0,0.0,-2.495429277420044,2.463289737701416
0.428,-0.4808489047489165,1.3959341049718865,-2.27245657157898,4.972707196712497,1.0,0.0,-2.485171318054199,2.406888484954834
0.43,-0.4854037585773467,1.4058891469192514,-2.2774269142150887,4.977520973682406,1.0,0.0,-2.475362539291382,2.3507251739501953
0.432,-0.48996851385593404,1.415853591767312,-2.2823776392936717,4.982222424030306,1.0,0.0,-2.4659929275512695,2.2947309017181396
0.434,-0.4945431331062316,1.4258272155389795,-2.287309625148774,4.986811885833743,1.0,0.0,-2.4570565223693848,2.2388851642608643
0.436,-0.49912758058261864,1.435809794851304,-2.292223738193513,4.991289656162264,1.0,0.0,-2.4485363960266113,2.1830861568450928
0.438,-0.5037218222045897,1.4458011065082559,-2.2971208109855663,4.995655828475955,1.0,0.0,-2.440434694290161,2.1273131370544434
0.44,-0.508325825565338,1.455800927417756,-2.3020016803741465,4.999910454750063,1.0,0.0,-2.4327492713928223,2.071521282196045
0.442,-0.5129395599231719,1.4658090344123849,-2.3068671789169324,5.004053497314455,1.0,0.0,-2.4254472255706787,2.0156238079071045
0.444,-0.517562996069908,1.4758252039022455,-2.311718073368074,5.00808474493027,1.0,0.0,-2.418536424636841,1.9595990180969238
0.446,-0.5221961063623427,1.4858492117881783,-2.3165551462173473,5.012003942966463,1.0,0.0,-2.4120216369628906,1.903372049331665
0.448,-0.5268388647413252,1.4958808331623086,-2.321379189491273,5.015810687065127,1.0,0.0,-2.4058773517608643,1.8469144105911255
0.45,-0.5314912466297148,1.5059198421940811,-2.3261909441947948,5.019504515886309,1.0,0.0,-2.400118589401245,1.7901840209960938
0.452,-0.536153228992462,1.5159660119619378,-2.330991181373597,5.023084883928301,1.0,0.0,-2.3947181701660156,1.7331054210662842
0.454,-0.5408247902278899,1.5260191141514787,-2.335780617713929,5.026551094770434,1.0,0.0,-2.389692544937134,1.6756105422973633
0.456,-0.5455059102334975,1.5360789187831887,-2.3405600028038034,5.029902315855028,1.0,0.0,-2.3850338459014893,1.617706298828125
0.458,-0.5501965703744887,1.5461451942400941,-2.3453300704956064,5.033137728452685,1.0,0.0,-2.380739450454712,1.5592962503433228
0.46,-0.5548967534732817,1.556217706882001,-2.3500915493965158,5.036256320953371,1.0,0.0,-2.3767974376678467,1.5003639459609985
0.462,-0.5596064437618254,1.5662962209796916,-2.3548451442718514,5.039257048845293,1.0,0.0,-2.373213768005371,1.4408670663833618
0.464,-0.5643256269054412,1.5763804985456478,-2.3595915718078624,5.04213878297806,1.0,0.0,-2.3699862957000732,1.380753993988037
0.466,-0.5690542899942397,1.5864702991275799,-2.3643315443992625,5.044900290966035,1.0,0.0,-2.367119312286377,1.3199938535690308
0.468,-0.5737924215602873,1.5965653796849262,-2.369065783023835,5.047540278673173,1.0,0.0,-2.36460018157959,1.2585209608078003
0.47000000000000003,-0.5785400115270612,1.6066654943261158,-2.3737949833869942,5.050057320594789,1.0,0.0,-2.362445831298828,1.1963448524475098
0.47200000000000003,-0.5832970512771605,1.616770394346715,-2.3785198750495917,5.052450010299684,1.0,0.0,-2.360651969909668,1.1333664655685425
0.47400000000000003,-0.5880635336351393,1.6268798278331766,-2.3832411789894112,5.054716743230821,1.0,0.0,-2.359208106994629,1.069649338722229
0.47600000000000003,-0.5928394528255461,1.6369935399169933,-2.3879595952034003,5.056856041908265,1.0,0.0,-2.358112335205078,1.0050878524780273
0.47800000000000004,-0.5976248044652936,1.6471112723522197,-2.3926758198738103,5.058866217613221,1.0,0.0,-2.3573873043060303,0.9396723508834839
0.48,-0.6024195856542585,1.6572327634768496,-2.3973905944824225,5.060745562314988,1.0,0.0,-2.357022762298584,0.8734288215637207
0.482,-0.6072237949342725,1.6673577483167659,-2.40210464000702,5.062492419958116,1.0,0.0,-2.357024669647217,0.8062866926193237
0.484,-0.6120374323129651,1.6774859583034525,-2.406818689346314,5.064104993343355,1.0,0.0,-2.3573687076568604,0.7382506728172302
0.486,-0.6168604991664884,1.6876171212928304,-2.4115334267616277,5.065581494688989,1.0,0.0,-2.3581061363220215,0.6693418622016907
0.488,-0.6216929984445569,1.697750961649657,-2.416249639034272,5.066920178413393,1.0,0.0,-2.359185218811035,0.5995086431503296
0.49,-0.6265349344635007,1.7078872000410565,-2.4209680094718937,5.068119195699694,1.0,0.0,-2.360651969909668,0.5288026332855225
0.492,-0.6313863130903241,1.7180255536429891,-2.4256893134117132,5.069176800966265,1.0,0.0,-2.3624770641326904,0.45717212557792664
0.494,-0.6362471416254041,1.728165735933424,-2.4304142675399785,5.070091145217421,1.0,0.0,-2.364687204360962,0.3846900463104248
0.496,-0.6411174289093015,1.738307456984044,-2.4351436419487005,5.070860525310041,1.0,0.0,-2.367260217666626,0.31132346391677856
0.498,-0.6459971852340696,1.7484504233285196,-2.4398781623840335,5.071483172237875,1.0,0.0,-2.3702080249786377,0.2371382713317871
0.5,-0.6508864223909375,1.7585943382260807,-2.4446185784339907,5.071957448780539,1.0,0.0,-2.3735244274139404,0.16210618615150452
0.502,-0.6557851536455152,1.7687389015483863,-2.4493656272888185,5.072281661152842,1.0,0.0,-2.37723445892334,0.08630722761154175
0.504,-0.6606933938379285,1.7788838100996025,-2.454120096206665,5.072454275608065,1.0,0.0,-2.3813154697418213,0.00974610261619091
0.506,-0.6656111592922208,1.789028757635229,-2.4588827271461486,5.072473767813297,1.0,0.0,-2.385758876800537,-0.06752309948205948
0.508,-0.6705384677820203,1.7991734350784578,-2.46365424489975,5.072338721614333,1.0,0.0,-2.3906021118164062,-0.1454533189535141
0.51,-0.6754753386802671,1.8093175307084106,-2.4684354491233824,5.072047814976426,1.0,0.0,-2.3958098888397217,-0.2239810675382614
0.512,-0.6804217928180692,1.8194607304140933,-2.473227068901062,5.0715998528413495,1.0,0.0,-2.401392698287964,-0.30305927991867065
0.514,-0.6853778525266645,1.8296027178826564,-2.478029854297638,5.070993734281513,1.0,0.0,-2.4073543548583984,-0.3826291263103485
0.516,-0.6903435416526792,1.8397431748347142,-2.4828445630073546,5.070228476028892,1.0,0.0,-2.413693428039551,-0.46263182163238525
0.518,-0.6953188855524061,1.8498817812594854,-2.487671949863434,5.069303212385627,1.0,0.0,-2.4203968048095703,-0.5429897308349609
0.52,-0.7003039110393522,1.8600182157253333,-2.492512743473053,5.068217232923957,1.0,0.0,-2.427485466003418,-0.6236039996147156
0.522,-0.7052986464681623,1.8701521557751828,-2.4973677144050597,5.066970024924728,1.0,0.0,-2.4349327087402344,-0.704430103302002
0.524,-0.7103031216278074,1.880283278104619,-2.5022375798225402,5.065561164718123,1.0,0.0,-2.442742347717285,-0.7853478789329529
0.526,-0.7153173677568434,1.8904112590425395,-2.507123064517975,5.063990468960258,1.0,0.0,-2.4509103298187256,-0.8663173913955688
0.528,-0.7203414175271986,1.9005357747108944,-2.5120248851776124,5.062257834177466,1.0,0.0,-2.459432601928711,-0.94720458984375
0.53,-0.7253753050279615,1.91065650156089,-2.51694375038147,5.060363424997779,1.0,0.0,-2.468311071395874,-1.027953028678894
0.532,-0.7304190657730101,1.920773116598771,-2.5218803725242616,5.058307518940421,1.0,0.0,-2.4775314331054688,-1.1084332466125488
0.534,-0.735472736643791,1.9308852979036653,-2.5268354353904723,5.056090652447196,1.0,0.0,-2.4870810508728027,-1.1885558366775513
0.536,-0.7405363558387754,1.940992724985213,-2.531809597492218,5.053713540773841,1.0,0.0,-2.496962308883667,-1.26825749874115
0.538,-0.7456099628829954,1.9510950790367658,-2.5368035221099854,5.051177025776359,1.0,0.0,-2.5071895122528076,-1.347406268119812
0.54,-0.7506935986852644,1.9611920434632462,-2.541817901134491,5.048482213240119,1.0,0.0,-2.5177085399627686,-1.425908088684082
0.542,-0.7557873053216932,1.9712833042573716,-2.5468533182144166,5.045630397062751,1.0,0.0,-2.5285303592681885,-1.5036548376083374
0.544,-0.7608911260795591,1.9813685504321468,-2.551910378932953,5.042623087387534,1.0,0.0,-2.5396625995635986,-1.580554723739624
0.546,-0.7660051054878233,1.9914474743880268,-2.55698970413208,5.039461977940055,1.0,0.0,-2.5510642528533936,-1.6565347909927368
0.548,-0.7711292891530989,2.001519772204743,-2.562091832637787,5.0361489083580695,1.0,0.0,-2.5627517700195312,-1.7314327955245972
0.55,-0.7762637238254545,2.011585144290277,-2.567217336177826,5.03268604276702,1.0,0.0,-2.574702501296997,-1.8052181005477905
0.552,-0.7814084573078154,2.0216432955034085,-2.57236674118042,5.029075606565924,1.0,0.0,-2.5869100093841553,-1.8777425289154053
0.554,-0.7865635384302138,2.0316939357464245,-2.577540561199188,5.025320121508093,1.0,0.0,-2.599339008331299,-1.9489495754241943
0.556,-0.7917290169086455,2.041736780191139,-2.5827392392158504,5.021422222357245,1.0,0.0,-2.6119940280914307,-2.018742799758911
0.558,-0.7969049433631896,2.0517715496646547,-2.5879632272720334,5.017384736757727,1.0,0.0,-2.6248726844787598,-2.0870447158813477
0.56,-0.8020913693084716,2.0617979709593066,-2.593212972640991,5.013210647325964,1.0,0.0,-2.6379356384277344,-2.1537375450134277
0.562,-0.8072883469963072,2.0718157773037786,-2.5984888439178464,5.008903172235938,1.0,0.0,-2.6511850357055664,-2.2187695503234863
0.5640000000000001,-0.8124959294242857,2.0818247085700494,-2.6037912139892576,5.004465633135291,1.0,0.0,-2.6645941734313965,-2.2820844650268555
0.5660000000000001,-0.817714170228958,2.09182451149846,-2.6091204023361203,4.999901464205237,1.0,0.0,-2.678133487701416,-2.343583106994629
0.5680000000000001,-0.822943123567581,2.1018149400944424,-2.6144766693115233,4.995214297991248,1.0,0.0,-2.691822052001953,-2.4032304286956787
0.5700000000000001,-0.8281828441944121,2.11179575576871,-2.6198603134155274,4.990407837133857,1.0,0.0,-2.705605983734131,-2.460941791534424
0.5720000000000001,-0.8334333872451781,2.1217667276758116,-2.6252715253829955,4.985485953550788,1.0,0.0,-2.719491481781006,-2.5167124271392822
0.5740000000000001,-0.8386948082618713,2.1317276327332046,-2.6307105083465574,4.980452528696509,1.0,0.0,-2.733441114425659,-2.570434093475342
0.5760000000000001,-0.8439671630430221,2.141678256054224,-2.636177390575409,4.975311660509559,1.0,0.0,-2.7474424839019775,-2.6221280097961426
0.578,-0.8492505075941086,2.1516183908632036,-2.641672275543213,4.970067404489966,1.0,0.0,-2.7614834308624268,-2.6717376708984375
0.58,-0.8545448980789184,2.1615478387215,-2.647195242404938,4.964723929148169,1.0,0.0,-2.7755303382873535,-2.7192208766937256
0.582,-0.8598503906850814,2.1714664096962895,-2.6527463030815124,4.959285487394782,1.0,0.0,-2.789566993713379,-2.7645914554595947
0.584,-0.8651670415592193,2.1813739223052573,-2.6583254370689393,4.953756304483862,1.0,0.0,-2.8035621643066406,-2.807831048965454
0.586,-0.8704949066820145,2.191270203590029,-2.6639325613975524,4.9481406423859315,1.0,0.0,-2.817509651184082,-2.8489296436309814
0.588,-0.8758340418434143,2.2011550891562264,-2.6695675806999204,4.942442783098669,1.0,0.0,-2.831376552581787,-2.887901782989502
0.59,-0.8811845025110244,2.211028423115292,-2.675230333805084,4.93666697953269,1.0,0.0,-2.845154285430908,-2.9247686862945557
0.592,-0.8865463437957763,2.220890057999612,-2.6809206423759457,4.930817442160101,1.0,0.0,-2.858797311782837,-2.9595301151275635
0.594,-0.8919196202697753,2.230739854763472,-2.6866382369995114,4.924898381929846,1.0,0.0,-2.8722994327545166,-2.9922165870666504
0.596,-0.8973043859415054,2.2405776826609833,-2.6923828358650206,4.918913948755712,1.0,0.0,-2.885629653930664,-3.0228848457336426
0.598,-0.9027006941318512,2.250403419019112,-2.6981540951728817,4.912868179064245,1.0,0.0,-2.8987715244293213,-3.051539421081543
0.6,-0.9081085974082946,2.260216949219556,-2.7039516382217403,4.906765100222081,1.0,0.0,-2.9117038249969482,-3.0782532691955566
0.602,-0.9135281475000381,2.2700181664069237,-2.7097750458717345,4.90060859368369,1.0,0.0,-2.9243857860565186,-3.1030874252319336
0.604,-0.9189593951349257,2.2798069712445903,-2.7156238174438476,4.894402418833226,1.0,0.0,-2.9368107318878174,-3.126075029373169
0.606,-0.924402390012741,2.2895832717821394,-2.7214974389076234,4.88815026877448,1.0,0.0,-2.9489519596099854,-3.147291421890259
0.608,-0.9298571806983947,2.2993469831540008,-2.7273953428268434,4.881855685930699,1.0,0.0,-2.9607906341552734,-3.16680908203125
0.61,-0.9353238145465851,2.309098027289534,-2.733316924095154,4.875522067766636,1.0,0.0,-2.9722938537597656,-3.184722661972046
0.612,-0.9408023375701904,2.3188363325344192,-2.7392615118026735,4.869152622442692,1.0,0.0,-2.983442783355713,-3.2010765075683594
0.614,-0.9462927943649292,2.3285618334732745,-2.745228397369385,4.862750469427555,1.0,0.0,-2.9942333698272705,-3.2160000801086426
0.616,-0.9517952280931473,2.3382744704118092,-2.7512168641090393,4.856318469267338,1.0,0.0,-3.004636526107788,-3.2295687198638916
0.618,-0.9573096803674698,2.3479741890754644,-2.757226137161255,4.84985933182761,1.0,0.0,-3.0146026611328125,-3.2418601512908936
0.62,-0.9628361910524368,2.3576609402985143,-2.7632553424835207,4.843375611525029,1.0,0.0,-3.0241751670837402,-3.2529797554016113
0.622,-0.9683747984380722,2.3673346796025427,-2.769303692817688,4.836869652014226,1.0,0.0,-3.0332794189453125,-3.2630245685577393
0.624,-0.9739255389413833,2.376995366808297,-2.7753702516555787,4.83034360287711,1.0,0.0,-3.041940450668335,-3.2721047401428223
0.626,-0.9794884472064972,2.3866429655950907,-2.7814541325569153,4.823799393396825,1.0,0.0,-3.0501229763031006,-3.2802982330322266
0.628,-0.9850635559635162,2.396277443188952,-2.7875543785095216,4.81723879693076,1.0,0.0,-3.05781888961792,-3.28772234916687
0.63,-0.9906508959960938,2.405898769893417,-2.7936700162887576,4.810663352232426,1.0,0.0,-3.065006971359253,-3.294492721557617
0.632,-0.9962504960565568,2.4155069186269955,-2.7998000302314763,4.804074366789311,1.0,0.0,-3.071704149246216,-3.3006653785705566
0.634,-1.0018623829336168,2.4251018646990596,-2.805943438529969,4.797473036032169,1.0,0.0,-3.077867031097412,-3.3063793182373047
0.636,-1.0074865812788012,2.434683585253851,-2.8120991725921636,4.790860277395694,1.0,0.0,-3.083507776260376,-3.3117308616638184
0.638,-1.0131231136550907,2.4442520588851955,-2.818266188144684,4.784236815672367,1.0,0.0,-3.0886223316192627,-3.316797971725464
0.64,-1.0187720005207066,2.453807265324653,-2.824443432807923,4.777603219728916,1.0,0.0,-3.0932211875915527,-3.321653366088867
0.642,-1.0244332602710728,2.463349185150647,-2.830629875183106,4.770959912996738,1.0,0.0,-3.09726881980896,-3.3264145851135254
0.644,-1.0301069090967183,2.4728777993183,-2.836824412822724,4.764307083826511,1.0,0.0,-3.1008007526397705,-3.3311665058135986
0.646,-1.0357929611253742,2.4823930888199297,-2.8430260143280037,4.757644750814883,1.0,0.0,-3.1038126945495605,-3.335958242416382
0.648,-1.0414914284048085,2.4918950344885897,-2.8492336397171028,4.75097283433005,1.0,0.0,-3.1062986850738525,-3.34086537361145
0.65,-1.047202320878983,2.5013836166957555,-2.8554462370872504,4.744291103582827,1.0,0.0,-3.108281135559082,-3.3459701538085938
0.652,-1.0529256464776997,2.510858815022306,-2.8616627993583688,4.73759916327521,1.0,0.0,-3.109764337539673,-3.3513453006744385
0.654,-1.0586614111337667,2.5203206079676534,-2.8678823280334482,4.7308964726738605,1.0,0.0,-3.1107606887817383,-3.3569746017456055
0.656,-1.0644096188325887,2.529768973014594,-2.8741038494110116,4.724182523470369,1.0,0.0,-3.1112868785858154,-3.362989664077759
0.658,-1.070170271678925,2.5392038861028783,-2.8803264231681833,4.717456544142213,1.0,0.0,-3.1113758087158203,-3.3693366050720215
0.66,-1.0759433700284962,2.5486253218447423,-2.886549174785615,4.710717870932069,1.0,0.0,-3.111030101776123,-3.3761184215545654
0.662,-1.0817289124984746,2.5580332531129204,-2.892771234989167,4.70396563408896,1.0,0.0,-3.110273838043213,-3.3833119869232178
0.664,-1.0875268960638051,2.5674276511331504,-2.8989917826652536,4.6971990101151135,1.0,0.0,-3.109130382537842,-3.3909220695495605
0.666,-1.0933373161506659,2.5768084854651025,-2.9052100434303294,4.690417165976014,1.0,0.0,-3.107632637023926,-3.3989508152008057
0.668,-1.0991601667680746,2.5861757239937937,-2.911425308704377,4.683619264345613,1.0,0.0,-3.1058263778686523,-3.407419443130493
0.67,-1.1049954406909948,2.595529332844712,-2.9176369614601145,4.676804425459352,1.0,0.0,-3.1036946773529053,-3.416266918182373
0.672,-1.1108431293926244,2.604869276627958,-2.92384435081482,4.669971891622987,1.0,0.0,-3.101320743560791,-3.425497531890869
0.674,-1.1167032233772283,2.614195518421077,-2.930046992301942,4.663120896559206,1.0,0.0,-3.0987024307250977,-3.4350459575653076
0.676,-1.1225757121715552,2.623508020030365,-2.9362443971633923,4.656250804644075,1.0,0.0,-3.0958974361419678,-3.4449002742767334
0.678,-1.1284605845556266,2.6328067420385564,-2.942436192035676,4.649361004095521,1.0,0.0,-3.0929269790649414,-3.4549801349639893
0.68,-1.1343578286476141,2.6420916441262077,-2.948622045993806,4.642451043825593,1.0,0.0,-3.0898218154907227,-3.4652130603790283
0.682,-1.1402674320268638,2.6513626853616175,-2.9548016896247873,4.635520617704835,1.0,0.0,-3.0866377353668213,-3.4755449295043945
0.684,-1.1461893819570548,2.660619824417309,-2.960974965095521,4.628569527845826,1.0,0.0,-3.0833938121795654,-3.4859025478363037
0.686,-1.1521236654624945,2.6698630198628095,-2.96714175271988,4.6215977227501535,1.0,0.0,-3.080143690109253,-3.496184825897217
0.6880000000000001,-1.1580702695426945,2.6790922305690064,-2.9733020401000987,4.614605353098359,1.0,0.0,-3.07690167427063,-3.5062930583953857
0.6900000000000001,-1.1640291812295918,2.6883074161029694,-2.97945584344864,4.6075927669815675,1.0,0.0,-3.0737218856811523,-3.5161473751068115
0.6920000000000001,-1.1700003878040317,2.6975085370474323,-2.9856032872200022,4.600560472231354,1.0,0.0,-3.070631265640259,-3.525646209716797
0.6940000000000001,-1.1759838769035342,2.706695555407056,-2.991744549751283,4.593509179811921,1.0,0.0,-3.06764817237854,-3.534660577774048
0.6960000000000001,-1.1819796365957262,2.715868435124369,-2.99787984609604,4.586439858656373,1.0,0.0,-3.0648515224456787,-3.5431010723114014
0.6980000000000001,-1.187987655694008,2.7250271424373924,-3.0040095491409313,4.57935365651175,1.0,0.0,-3.0622146129608154,-3.550819158554077
0.7000000000000001,-1.1940079236507417,2.7341716464737815,-3.010133978366853,4.572252018194642,1.0,0.0,-3.0597949028015137,-3.5577282905578613
0.7020000000000001,-1.2000404307870867,2.7433019195970085,-3.016253568172456,4.565136561613526,1.0,0.0,-3.0575928688049316,-3.5637104511260986
0.704,-1.2060851682949068,2.7524179378784313,-3.022368753910066,4.558009140711274,1.0,0.0,-3.055651903152466,-3.568638563156128
0.706,-1.2121421284103395,2.761519681605601,-3.028480057716371,4.550871863584962,1.0,0.0,-3.053985357284546,-3.5723977088928223
0.708,-1.2182113044672014,2.7706071357419355,-3.03458802843094,4.543727068167176,1.0,0.0,-3.052602767944336,-3.5748536586761475
0.71,-1.224292690935135,2.7796802904636353,-3.0406932339668287,4.536577360849824,1.0,0.0,-3.0515213012695312,-3.5759310722351074
0.712,-1.2303862834882737,2.788739141461046,-3.046796276569368,4.529425498705354,1.0,0.0,-3.0507423877716064,-3.575486421585083
0.714,-1.2364920790109635,2.7977836905127704,-3.0528977613449113,4.522274525862184,1.0,0.0,-3.05027437210083,-3.573437452316284
0.716,-1.2426100756311418,2.8068139458146857,-3.058998310089113,4.5151276509575515,1.0,0.0,-3.050107479095459,-3.569676160812378
0.718,-1.2487402726812364,2.8158299224119574,-3.0650985250473037,4.507988298635927,1.0,0.0,-3.050241231918335,-3.564119815826416
0.72,-1.2548826706962588,2.8248316425299658,-3.0711990075111406,4.500860059004274,1.0,0.0,-3.0506720542907715,-3.5566344261169434
0.722,-1.2610372713994982,2.83381913611027,-3.0773003516197224,4.49374679015204,1.0,0.0,-3.051360845565796,-3.547224760055542
0.724,-1.26720407754612,2.8427924407915337,-3.083403073310854,4.486652340631928,1.0,0.0,-3.0523250102996826,-3.535754442214966
0.726,-1.273383092992783,2.8517516024550287,-3.089507723331453,4.479580831747499,1.0,0.0,-3.053506851196289,-3.522169351577759
0.728,-1.2795743224668505,2.860696675441117,-3.095614737033846,4.472536493044343,1.0,0.0,-3.05491042137146,-3.506429433822632
0.73,-1.2857777715826038,2.8696277227094704,-3.101724557876589,4.465523634176698,1.0,0.0,-3.056469202041626,-3.488492488861084
0.732,-1.291993446575165,2.878544816007868,-3.107837496280672,4.458546649198976,1.0,0.0,-3.0581750869750977,-3.46834659576416
0.734,-1.2982213542680743,2.887448035919883,-3.1139538464546224,4.451609956007447,1.0,0.0,-3.0599679946899414,-3.4459400177001953
0.736,-1.3044615018329624,2.8963374720718273,-3.120073782444002,4.444718075972046,1.0,0.0,-3.061828136444092,-3.4212727546691895
0.738,-1.3107138967103962,2.9052132231327525,-3.1261974387168903,4.437875530462708,1.0,0.0,-3.063678026199341,-3.3943307399749756
0.74,-1.3169785462999348,2.914075396870718,-3.132324794769289,4.431086868982758,1.0,0.0,-3.0654990673065186,-3.3651585578918457
0.742,-1.3232554578857427,2.922924109974452,-3.138455792903902,4.424356551866975,1.0,0.0,-3.0672192573547363,-3.333749532699585
0.744,-1.32954463834858,2.931759488080055,-3.1445902314186114,4.417689052801576,1.0,0.0,-3.0687854290008545,-3.300150156021118
0.746,-1.3358460939531334,2.940581665585034,-3.150727802276613,4.411088752489533,1.0,0.0,-3.0701494216918945,-3.2644219398498535
0.748,-1.3421598301553734,2.9493907854022536,-3.1568681011199966,4.4045599086098335,1.0,0.0,-3.0712392330169678,-3.226564884185791
0.75,-1.3484858513145455,2.9581869989599365,-3.1630105795860306,4.398106778841462,1.0,0.0,-3.072004556655884,-3.186683416366577
0.752,-1.3548241604919442,2.966970465783954,-3.1691545886993424,4.391733412008729,1.0,0.0,-3.0724053382873535,-3.14487886428833
0.754,-1.361174759290696,2.975741353092514,-3.175299399375917,4.385443654280152,1.0,0.0,-3.0723536014556885,-3.101163148880005
0.756,-1.3675376475038536,2.984499835748479,-3.1814441065788284,4.379241327982392,1.0,0.0,-3.071803569793701,-3.0556559562683105
0.758,-1.3739128229312905,2.9932460957806186,-3.1875877137184156,4.373130016069855,1.0,0.0,-3.0706944465637207,-3.0084574222564697
0.76,-1.3803002811365135,3.001980321983069,-3.193729102611543,4.367113101225343,1.0,0.0,-3.068986415863037,-2.9596805572509766
0.762,-1.3867000152874,3.010702709463291,-3.199867075443269,4.36119374011084,1.0,0.0,-3.0666134357452393,-2.909407377243042
0.764,-1.3931120158920296,3.019413459314004,-3.20600030231476,4.3553749253563545,1.0,0.0,-3.063514471054077,-2.857773542404175
0.766,-1.3995362705545433,3.028112778070547,-3.212127331256868,4.3496593782715465,1.0,0.0,-3.0596635341644287,-2.804875135421753
0.768,-1.4059727638711936,3.0368008773265482,-3.2182466583251967,4.344049628000703,1.0,0.0,-3.0550098419189453,-2.7508440017700195
0.77,-1.4124214772272117,3.0454779732065425,-3.2243566780090345,4.338547939997163,1.0,0.0,-3.049516201019287,-2.6957626342773438
0.772,-1.4188823886480337,3.0541442860359997,-3.230455710411073,4.333156414728609,1.0,0.0,-3.0431389808654785,-2.639832019805908
0.774,-1.4253554726247792,3.0628000395373776,-3.236541988372804,4.327876750688997,1.0,0.0,-3.0358657836914062,-2.583085298538208
0.776,-1.4318407000646596,3.071445460697561,-3.2426137199401865,4.322710580091921,1.0,0.0,-3.0276594161987305,-2.525710344314575
0.778,-1.4383380381422048,3.0800807790163676,-3.248669038772584,4.317659159403292,1.0,0.0,-3.0185060501098633,-2.4677696228027344
0.78,-1.4448474502439506,3.088706226256683,-3.2547060508728034,4.312723620157687,1.0,0.0,-3.0083892345428467,-2.409400701522827
0.782,-1.4513688959026343,3.097322035894192,-3.2607228293418893,4.307904818754642,1.0,0.0,-2.997305393218994,-2.3507096767425537
0.784,-1.4579023307828909,3.1059284426929947,-3.2667174401283274,4.3032033994011565,1.0,0.0,-2.9852564334869385,-2.291795015335083
0.786,-1.4644477066888815,3.1145256823117355,-3.2726879529953012,4.298619809370487,1.0,0.0,-2.972250461578369,-2.232771158218384
0.788,-1.4710049715967184,3.1231139908458436,-3.278632453918458,4.29415426705405,1.0,0.0,-2.9582862854003906,-2.1737046241760254
0.79,-1.4775740696496968,3.131693604561455,-3.2845490264892585,4.289806857805698,1.0,0.0,-2.943403482437134,-2.114704132080078
0.792,-1.484154941316605,3.140264759460538,-3.290435833454133,4.285577449541538,1.0,0.0,-2.9276115894317627,-2.0558290481567383
0.794,-1.490747523429871,3.1488276910434285,-3.296291056632996,4.281465791445225,1.0,0.0,-2.9109437465667725,-1.997144341468811
0.796,-1.4973517493181232,3.157382634048953,-3.30211294412613,4.277471502762287,1.0,0.0,-2.8934361934661865,-1.9387248754501343
0.798,-1.5039675489511493,3.165929822154976,-3.3078998165130624,4.2735940530113865,1.0,0.0,-2.875136375427246,-1.880614161491394
0.8,-1.510594849129677,3.1744694878043527,-3.313650089263917,4.269832824688404,1.0,0.0,-2.856097459793091,-1.822861671447754
0.802,-1.517233573698044,3.1830018620070435,-3.3193622841835033,4.266187101345508,1.0,0.0,-2.8363757133483887,-1.765467882156372
0.804,-1.5238836437692644,3.191527174338206,-3.3250350356102003,4.262656165581196,1.0,0.0,-2.816021680831909,-1.7085086107254028
0.806,-1.5305449779272082,3.2000456526349255,-3.330667078971864,4.259239148359745,1.0,0.0,-2.795100688934326,-1.6519864797592163
0.808,-1.5372174924879076,3.2085575229857257,-3.336257280349733,4.255935175400227,1.0,0.0,-2.7736871242523193,-1.5958523750305176
0.81,-1.543901101797104,3.217063009927026,-3.3418046545982376,4.252743470650166,1.0,0.0,-2.751833200454712,-1.5401322841644287
0.812,-1.5505957184391024,3.2255623363391894,-3.347308320999147,4.249663206081837,1.0,0.0,-2.7296388149261475,-1.4848167896270752
0.8140000000000001,-1.5573012536363604,3.2340557234841945,-3.3527675986289993,4.246693572502583,1.0,0.0,-2.707174301147461,-1.4299365282058716
0.8160000000000001,-1.564017617530823,3.2425433908830867,-3.3581819472312944,4.243833699446171,1.0,0.0,-2.6845273971557617,-1.3753856420516968
0.8180000000000001,-1.570744719534874,3.251025556739411,-3.363551002025606,4.241082928162068,1.0,0.0,-2.6617612838745117,-1.3211569786071777
0.8200000000000001,-1.5774824685840607,3.2595024379678206,-3.368874524593355,4.238440614204853,1.0,0.0,-2.63897967338562,-1.2672364711761475
0.8220000000000001,-1.584230773551941,3.2679742502503455,-3.3741524839401262,4.2359061412625,1.0,0.0,-2.6162633895874023,-1.2135183811187744
0.8240000000000001,-1.5909895435733796,3.276441208459346,-3.379385010719301,4.233479104500263,1.0,0.0,-2.593679189682007,-1.160011887550354
0.8260000000000001,-1.5977586883115769,3.284903526620796,-3.384572369098665,4.231159080725162,1.0,0.0,-2.5713372230529785,-1.1066336631774902
0.8280000000000001,-1.6045381183986664,3.293361418247594,-3.3897150435447707,4.2289458133988065,1.0,0.0,-2.5493040084838867,-1.0533071756362915
0.8300000000000001,-1.6113277457017898,3.3018150966456887,-3.3948136515617384,4.226839199047534,1.0,0.0,-2.5276715755462646,-1.0000052452087402
0.8320000000000001,-1.6181274836912154,3.310264775022803,-3.399868994712831,4.224839188557117,1.0,0.0,-2.506514072418213,-0.9466541409492493
0.834,-1.6249372477369308,3.3187106667833532,-3.4048820228576675,4.222945880275218,1.0,0.0,-2.485929489135742,-0.8931699991226196
0.836,-1.6317569555006026,3.3271529858639073,-3.409853881835939,4.221159540276973,1.0,0.0,-2.465968608856201,-0.8395212292671204
0.838,-1.63858652713871,3.335591946859544,-3.4147858190536513,4.219480497818438,1.0,0.0,-2.4467201232910156,-0.7856371998786926
0.84,-1.6454258856573103,3.3440277653063815,-3.419679259300233,4.217909223418681,1.0,0.0,-2.428258180618286,-0.7314238548278809
0.842,-1.6522749572086333,3.3524606580577996,-3.42453577566147,4.216446375709025,1.0,0.0,-2.410637378692627,-0.6768693923950195
0.844,-1.6591336713094709,3.360890843331648,-3.4293570504188553,4.215092636924235,1.0,0.0,-2.3939313888549805,-0.6218632459640503
0.846,-1.666001961135864,3.369318541152513,-3.4341449131965653,4.213848910432307,1.0,0.0,-2.3781888484954834,-0.5664196014404297
0.848,-1.6728797637176511,3.377743973294972,-3.4389012908935563,4.212716071229426,1.0,0.0,-2.363471269607544,-0.5104537010192871
0.85,-1.6797670201845167,3.3861673636226266,-3.4436282334327712,4.211695163827388,1.0,0.0,-2.3498334884643555,-0.4539302885532379
0.852,-1.6866636759853362,3.394588938229127,-3.4483279004097,4.210787303250282,1.0,0.0,-2.337306022644043,-0.3968234956264496
0.854,-1.693569681010246,3.403008925541645,-3.4530025124549883,4.209993656259028,1.0,0.0,-2.325937509536743,-0.3390744924545288
0.856,-1.7004849897851941,3.4114275565561933,-3.457654387474062,4.209315507274119,1.0,0.0,-2.3157598972320557,-0.28072795271873474
0.858,-1.7074095615997311,3.4198450646589307,-3.462285907268526,4.208754051368682,1.0,0.0,-2.3068017959594727,-0.22170628607273102
0.86,-1.714343360621452,3.4282616859365236,-3.4668995108604452,4.2083106387965366,1.0,0.0,-2.2991063594818115,-0.16204477846622467
0.862,-1.7212863560686107,3.436677659035003,-3.4714977235794087,4.207986549239604,1.0,0.0,-2.2926547527313232,-0.10171754658222198
0.864,-1.7282385221347805,3.445093225263296,-3.4760830330848713,4.20778311414644,1.0,0.0,-2.287487268447876,-0.04074575752019882
0.866,-1.735199838150024,3.4535086285085588,-3.4806580076217672,4.2077016226314,1.0,0.0,-2.2836074829101562,0.02084471471607685
0.868,-1.742170288595199,3.4619241151326805,-3.4852252225875877,4.207743312060832,1.0,0.0,-2.2810285091400146,0.08301152288913727
0.87,-1.749149863154411,3.4703399338028937,-3.4897872796058675,4.20790933510661,1.0,0.0,-2.2797253131866455,0.1457476168870926
0.872,-1.7561385566148753,3.4787563354635744,-3.4943467302322406,4.208200830340384,1.0,0.0,-2.2797040939331055,0.2090059369802475
0.874,-1.7631363688917154,3.487173573148003,-3.498906138420107,4.208618842214344,1.0,0.0,-2.280956983566284,0.2726994454860687
0.876,-1.7701433049964899,3.4955919016302137,-3.5034680523872392,4.2091642411053165,1.0,0.0,-2.283461093902588,0.33679521083831787
0.878,-1.77715937494564,3.5040115772932676,-3.5080349745750445,4.209837831526993,1.0,0.0,-2.287200689315796,0.4011920988559723
0.88,-1.7841845936975473,3.512432857724717,-3.512609375953676,4.210640215724705,1.0,0.0,-2.292142629623413,0.46587833762168884
0.882,-1.7912189810199732,3.5208560016695167,-3.517193661212923,4.211571972399949,1.0,0.0,-2.298275947570801,0.5306916236877441
0.884,-1.7982625614461893,3.5292812683808115,-3.5217902131080643,4.212633355647324,1.0,0.0,-2.3055522441864014,0.5955848097801208
0.886,-1.8053153640813822,3.5377089174313454,-3.526401317596437,4.213824525266885,1.0,0.0,-2.313936233520508,0.6604427695274353
0.888,-1.812377422461509,3.5461392082529573,-3.531029190063478,4.21514541080594,1.0,0.0,-2.3233845233917236,0.7251642942428589
0.89,-1.8194487743797296,3.554572399731746,-3.5356759591102613,4.216595739394426,1.0,0.0,-2.3338751792907715,0.7896340489387512
0.892,-1.8265294617986674,3.563008749746731,-3.540343709468843,4.218175007492303,1.0,0.0,-2.345346212387085,0.853751003742218
0.894,-1.8336195306024545,3.5714485147657307,-3.545034401893617,4.219882509499787,1.0,0.0,-2.3577475547790527,0.9174069166183472
0.896,-1.840719030396461,3.5798919494123966,-3.549749897003175,4.221717323333024,1.0,0.0,-2.37103271484375,0.980444073677063
0.898,-1.8478280143213266,3.5883393058353574,-3.554491962432863,4.223678211480379,1.0,0.0,-2.3851521015167236,1.0427449941635132
0.9,-1.8549465388545985,3.5967908332382947,-3.5592622666358964,4.225763701468706,1.0,0.0,-2.4000401496887207,1.1042014360427856
0.902,-1.862074663548469,3.6052467774469763,-3.5640623469352737,4.227972104340791,1.0,0.0,-2.415656328201294,1.1646909713745117
0.904,-1.8692124508676524,3.613707380419543,-3.5688936595916765,4.23030148628354,1.0,0.0,-2.4319303035736084,1.2240607738494873
0.906,-1.87635996590805,3.6221728796352055,-3.5737575201988236,4.23274960783124,1.0,0.0,-2.4488089084625244,1.2821743488311768
0.908,-1.8835172761840815,3.6306435075482635,-3.5786551380157485,4.235313956528902,1.0,0.0,-2.466235637664795,1.3389235734939575
0.91,-1.8906844514026637,3.6391194911556153,-3.583587609291078,4.2379918036758895,1.0,0.0,-2.4841504096984863,1.3942002058029175
0.912,-1.8978615632228846,3.6476010515637904,-3.588555910110475,4.240780204087495,1.0,0.0,-2.502490520477295,1.447842001914978
0.914,-1.9050486850051875,3.656088403339973,-3.5935608911514296,4.2436758880913255,1.0,0.0,-2.5211966037750244,1.499750018119812
0.916,-1.9122458915739056,3.664581754116228,-3.5986032843589797,4.246675388127565,1.0,0.0,-2.540215015411377,1.5497995615005493
0.918,-1.9194532590026852,3.6730813040907293,-3.6036837143898026,4.249774987250566,1.0,0.0,-2.5594863891601562,1.597882628440857
0.92,-1.9266708643770214,3.681587245595744,-3.608802687168123,4.252970752507448,1.0,0.0,-2.5789449214935303,1.6438648700714111
0.922,-1.9338987855310437,3.6900997625602394,-3.61396057701111,4.256258482247591,1.0,0.0,-2.598538398742676,1.687692403793335
0.924,-1.9411371008386609,3.6986190302943496,-3.619157653808595,4.259633867055178,1.0,0.0,-2.618204355239868,1.7292333841323853
0.926,-1.948385888963699,3.7071452149619963,-3.624394062519075,4.263092333823443,1.0,0.0,-2.63789963722229,1.768386721611023
0.928,-1.9556452286872859,3.7156784731765296,-3.6296698617935195,4.266629107266665,1.0,0.0,-2.6575682163238525,1.805098295211792
0.93,-1.962915198683738,3.724218951784244,-3.6349849982261673,4.270239303857088,1.0,0.0,-2.677152633666992,1.8392879962921143
0.932,-1.970195877290725,3.732766787543943,-3.6403393034935014,4.273917879849672,1.0,0.0,-2.696612596511841,1.8708829879760742
0.934,-1.977487342348098,3.7413221068355944,-3.645732528686525,4.277659645825624,1.0,0.0,-2.7158849239349365,1.8998175859451294
0.936,-1.984789670945167,3.7498850253975893,-3.651164298534395,4.281459280997514,1.0,0.0,-2.734935760498047,1.926039695739746
0.9380000000000001,-1.9921029392852776,3.758455648118367,-3.656634170055391,4.285311360388993,1.0,0.0,-2.753723621368408,1.9494978189468384
0.9400000000000001,-1.999427222519874,3.7670340688304207,-3.662141617298128,4.289210356026887,1.0,0.0,-2.7721962928771973,1.9702012538909912
0.9420000000000001,-2.0067625945396417,3.77562037034749,-3.6676860098838824,4.293150758534669,1.0,0.0,-2.790334463119507,1.9881006479263306
0.9440000000000001,-2.014109127897262,3.784214624267151,-3.6732666788101214,4.297126959830521,1.0,0.0,-2.8080780506134033,2.0031795501708984
0.9460000000000001,-2.0214668935670845,3.7928168909050126,-3.6788828349113483,4.301133318930863,1.0,0.0,-2.825408458709717,2.0154519081115723
0.9480000000000001,-2.028835960870742,3.801427219350507,-3.684533651828768,4.305164222747086,1.0,0.0,-2.842278480529785,2.0249040126800537
0.9500000000000001,-2.036216397288322,3.8100456474120517,-3.6902182087898274,4.309214030772446,1.0,0.0,-2.8586771488189697,2.0315587520599365
0.9520000000000001,-2.0436082684144967,3.8186722017086048,-3.6959355630874655,4.3132771482765655,1.0,0.0,-2.8745625019073486,2.035438060760498
0.9540000000000001,-2.0510116377906793,3.827306897757401,-3.70168468809128,4.317348024398086,1.0,0.0,-2.889923334121704,2.036564826965332
0.9560000000000001,-2.058426566860198,3.835949740065505,-3.7074645347595236,4.321421154052016,1.0,0.0,-2.9047369956970215,2.0350146293640137
0.9580000000000001,-2.0658531148777,3.844600722432127,-3.7132740087509175,4.325491183310745,1.0,0.0,-2.9189844131469727,2.030813217163086
0.96,-2.0732913388328544,3.853259828051617,-3.7191119775772115,4.329552809745071,1.0,0.0,-2.9326350688934326,2.024054765701294
0.962,-2.0807412933282845,3.86192702989017,-3.7249772477149983,4.333600919276473,1.0,0.0,-2.945693016052246,2.0147461891174316
0.964,-2.088203030595779,3.8706022907134794,-3.730868633747103,4.337630411654708,1.0,0.0,-2.9581298828125,2.0030007362365723
0.966,-2.0956766003828045,3.879285563539734,-3.736784893512728,4.341636413127182,1.0,0.0,-2.9699485301971436,1.9889264106750488
0.968,-2.1031620499639505,3.887976792071631,-3.742724790573122,4.345614265948532,1.0,0.0,-2.981137752532959,1.9725960493087769
0.97,-2.1106594240961067,3.8966759109877254,-3.748687066078188,4.34955945804715,1.0,0.0,-2.991696357727051,1.9540661573410034
0.972,-2.118168765013694,3.905382846168449,-3.754670458793642,4.353467590361832,1.0,0.0,-3.0016086101531982,1.9334850311279297
0.974,-2.1256901123657217,3.9140975152892974,-3.7606736760139485,4.357334560424087,1.0,0.0,-3.0108914375305176,1.9109679460525513
0.976,-2.1332235032835,3.9228198282819298,-3.7666954588890094,4.361156496316193,1.0,0.0,-3.0195395946502686,1.8866052627563477
0.978,-2.1407689723596564,3.9315496876956133,-3.7727345380783097,4.364929706841705,1.0,0.0,-3.027552843093872,1.8605265617370605
0.98,-2.1483265516471852,3.9402869892155437,-3.7787896437644974,4.368650759965179,1.0,0.0,-3.0349247455596924,1.832842469215393
0.982,-2.1558962706336966,3.949031622105351,-3.7848594932556168,4.3723164449036105,1.0,0.0,-3.0416769981384277,1.8037127256393433
0.984,-2.1634781563282,3.9577834698460608,-3.790942847251894,4.375923870354889,1.0,0.0,-3.0478222370147705,1.7732197046279907
0.986,-2.171072233311652,3.966542410465589,-3.7970384917259232,4.3794703097641445,1.0,0.0,-3.053346872329712,1.7415387630462646
0.988,-2.178678523682593,3.9753083172401698,-3.8031451854705827,4.382953387290237,1.0,0.0,-3.058293104171753,1.7087875604629517
0.99,-2.186297047225951,3.9840810591649922,-3.8092617716789263,4.386370962411163,1.0,0.0,-3.0626444816589355,1.6750800609588623
0.992,-2.1939278213472355,3.992860501410058,-3.815387060642244,4.38972112253308,1.0,0.0,-3.0664212703704834,1.6405950784683228
0.994,-2.2015708611536016,4.0016465060354385,-3.8215199031829847,4.393002312690017,1.0,0.0,-3.0696451663970947,1.6054514646530151
0.996,-2.209226179540633,4.010438932466677,-3.827659193515779,4.396213215619323,1.0,0.0,-3.07232666015625,1.5697643756866455
0.998,-2.2168937872343055,4.019237637955419,-3.8338038468360915,4.399352744370696,1.0,0.0,-3.074476957321167,1.5336456298828125
1.0,-2.224573692835807,4.02804247802668,-3.839952800750734,4.4024200356304615,1.0,0.0,-3.076120615005493,1.4973341226577759
1.002,-2.2322659029197682,4.0368533074344315,-3.8461050419807448,4.405414703875777,1.0,0.0,-3.0772671699523926,1.460848331451416
1.004,-2.2399704220724095,4.045669980235509,-3.8522595763206495,4.40833640053868,1.0,0.0,-3.0779457092285156,1.4243791103363037
1.006,-2.2476872530078875,4.054492350553027,-3.8584154677391065,4.411185158759352,1.0,0.0,-3.0781548023223877,1.3880263566970825
1.008,-2.255416396562575,4.0633202729759725,-3.8645717773437513,4.4139612114727464,1.0,0.0,-3.077930212020874,1.351930022239685
1.01,-2.263157851838111,4.072153603119007,-3.8707276377677933,4.416665071517226,1.0,0.0,-3.0772910118103027,1.316238284111023
1.012,-2.2709116162776937,4.080992198215178,-3.8768822197914137,4.419297548085448,1.0,0.0,-3.0762522220611572,1.2809970378875732
1.014,-2.278677685726165,4.0898359172995,-3.883034724235536,4.421859542161224,1.0,0.0,-3.0748260021209717,1.246363878250122
1.016,-2.2864560544786445,4.098684621839336,-3.8891843762397778,4.4243522699177245,1.0,0.0,-3.073042392730713,1.2124587297439575
1.018,-2.294246715400695,4.10753817621409,-3.8953304610252393,4.426777187377212,1.0,0.0,-3.0709149837493896,1.1793440580368042
1.02,-2.3020496599826803,4.1163964479650765,-3.901472290992738,4.4291358754932855,1.0,0.0,-3.0684664249420166,1.1471655368804932
1.022,-2.3098648784303655,4.125259308378211,-3.907609223842622,4.431430206567047,1.0,0.0,-3.0657174587249756,1.1159727573394775
1.024,-2.317692359747886,4.134126632682374,-3.913740658760072,4.433662152081726,1.0,0.0,-3.062687873840332,1.08589506149292
1.026,-2.325532091816901,4.142998300566783,-3.9198660345077525,4.435833942204711,1.0,0.0,-3.059384822845459,1.0569804906845093
1.028,-2.333384061425208,4.151874196373155,-3.9259848041534435,4.43794790318608,1.0,0.0,-3.05584454536438,1.0293457508087158
1.03,-2.3412482544116964,4.160754209562531,-3.932096493244172,4.440006594687698,1.0,0.0,-3.052079677581787,1.003016471862793
1.032,-2.349124655716895,4.169638234817794,-3.9382006525993356,4.442012627631423,1.0,0.0,-3.0481011867523193,0.9780917167663574
1.034,-2.3570132494268408,4.178526172439923,-3.94429685497284,4.4439688110649564,1.0,0.0,-3.0439343452453613,0.9546147584915161
1.036,-2.3649140188741673,4.1874179285210875,-3.9503847236633307,4.445878040581939,1.0,0.0,-3.0396039485931396,0.9326328039169312
1.038,-2.3728269467372884,4.196313415133467,-3.956463931560517,4.447743306189773,1.0,0.0,-3.035102367401123,0.9122233986854553
1.04,-2.380752015009879,4.205212550639441,-3.9625341362953193,4.449567752987144,1.0,0.0,-3.0304737091064453,0.8934006690979004
1.042,-2.388689205177306,4.214115259748092,-3.968595083713532,4.45135455432534,1.0,0.0,-3.0257174968719482,0.8762046694755554
1.044,-2.396638498214721,4.223021473675421,-3.974646518707276,4.453106963664291,1.0,0.0,-3.020848274230957,0.8606635332107544
1.046,-2.4045998746452324,4.231931130256882,-3.980688215255738,4.454828290730712,1.0,0.0,-3.015892267227173,0.8468220233917236
1.048,-2.412573314644813,4.240844174126437,-3.9867199997901923,4.456521934777496,1.0,0.0,-3.0108511447906494,0.8346695303916931
1.05,-2.4205587980489724,4.249760556674113,-3.9927417020797735,4.458191273838279,1.0,0.0,-3.0057520866394043,0.8242366909980774
1.052,-2.4285563044614786,4.258680236168554,-3.998753206253052,4.4598397472202755,1.0,0.0,-3.000577449798584,0.8155210614204407
1.054,-2.4365658131837837,4.26760317774724,-4.004754361152649,4.4614707893431165,1.0,0.0,-2.9953811168670654,0.8085085153579712
1.056,-2.4445873034305565,4.2765293533599875,-4.010745123386384,4.463087806373832,1.0,0.0,-2.9901318550109863,0.8032238483428955
1.058,-2.4526207542047493,4.285458741868129,-4.016725387096406,4.464694254070518,1.0,0.0,-2.9848814010620117,0.7996447086334229
1.06,-2.4606661445045463,4.294391328955104,-4.02269514989853,4.466293543487785,1.0,0.0,-2.9796011447906494,0.7977474927902222
1.062,-2.4687234532089226,4.303327107032051,-4.028654352188111,4.467889038473365,1.0,0.0,-2.9743239879608154,0.79752516746521
1.064,-2.476792659209251,4.312266075209668,-4.034603000164033,4.469484088808295,1.0,0.0,-2.9690446853637695,0.7989201545715332
1.066,-2.4848737413883204,4.321208239067903,-4.04054108953476,4.471081929117439,1.0,0.0,-2.963768482208252,0.8019559383392334
1.068,-2.4929666786413187,4.330153610749891,-4.046468626499177,4.472685840994117,1.0,0.0,-2.9585142135620117,0.80655837059021
1.07,-2.5010714499511715,4.339102208665361,-4.052385654926301,4.474298957735297,1.0,0.0,-2.953280448913574,0.8127322793006897
1.072,-2.5091880343828197,4.348054057509949,-4.058292215824128,4.4759244222938985,1.0,0.0,-2.948073625564575,0.8203740119934082
1.074,-2.51731641110897,4.3570091878505846,-4.0641883630752575,4.477565170317885,1.0,0.0,-2.9428834915161133,0.8294824957847595
1.076,-2.5254565593690868,4.365967636121203,-4.070074130058289,4.479224135309455,1.0,0.0,-2.937741994857788,0.8400424122810364
1.078,-2.533608458597183,4.374929444561471,-4.075949614048005,4.480904220134017,1.0,0.0,-2.932624340057373,0.8519185185432434
1.08,-2.5417720883226393,4.383894660675813,-4.08181486272812,4.482608057171103,1.0,0.0,-2.9275479316711426,0.8651107549667358
1.082,-2.5499474282398222,4.392863337233176,-4.087669958591462,4.484338278681037,1.0,0.0,-2.9225006103515625,0.8795720934867859
1.084,-2.5581344581594467,4.401835532078912,-4.093514959812166,4.48609742286801,1.0,0.0,-2.917496919631958,0.8952143788337708
1.086,-2.5663331580667497,4.410811307782163,-4.09934995365143,4.487887851625677,1.0,0.0,-2.9125282764434814,0.9120092988014221
1.088,-2.5745435080871584,4.4197907315226095,-4.1051750102043165,4.48971187022328,1.0,0.0,-2.9075982570648193,0.9298511147499084
1.09,-2.5827654885005953,4.428773874667515,-4.110990206718446,4.49157157245278,1.0,0.0,-2.902703046798706,0.9487655162811279
1.092,-2.5909990797262195,4.437760812874486,-4.1167956128120435,4.493469103485342,1.0,0.0,-2.8978402614593506,0.9685938954353333
1.094,-2.5992442623128893,4.446751625457038,-4.122591293334962,4.495406291276213,1.0,0.0,-2.8930208683013916,0.9893255829811096
1.096,-2.6075010169830324,4.455746395341922,-4.128377335071566,4.497384942442175,1.0,0.0,-2.888216972351074,1.0108911991119385
1.098,-2.615769324521065,4.464745208791603,-4.134153769016268,4.499406724840399,1.0,0.0,-2.883453607559204,1.0332307815551758
1.1,-2.6240491658735277,4.473748155164411,-4.1399206762313865,4.501473186403509,1.0,0.0,-2.878708600997925,1.0562819242477417
1.102,-2.6323405220603946,4.482755326664915,-4.145678093433382,4.503585750252005,1.0,0.0,-2.8739938735961914,1.0799670219421387
1.104,-2.6406433742227557,4.491766818033507,-4.151426081180574,4.505745684295889,1.0,0.0,-2.869297742843628,1.1042449474334717
1.106,-2.6489577035760883,4.500782726381888,-4.1571646766662615,4.507954174190757,1.0,0.0,-2.8646183013916016,1.1290591955184937
1.108,-2.657283491402626,4.509803150967052,-4.162893913269045,4.510212292581794,1.0,0.0,-2.8599624633789062,1.154350996017456
1.11,-2.6656207190790178,4.5188281929561995,-4.168613838195802,4.512520994573828,1.0,0.0,-2.855304718017578,1.1800267696380615
1.112,-2.6739693679742813,4.527857955052426,-4.174324447631838,4.5148810481131045,1.0,0.0,-2.85066556930542,1.2060848474502563
1.114,-2.6823294195318224,4.536892541488042,-4.180025778770449,4.517293217808005,1.0,0.0,-2.846040725708008,1.2324841022491455
1.116,-2.690700855252266,4.545932057860067,-4.185717860221865,4.519758186012504,1.0,0.0,-2.841419219970703,1.2590903043746948
1.118,-2.6990836566495897,4.554976610593309,-4.191400698661806,4.522276366621253,1.0,0.0,-2.836796522140503,1.2859452962875366
1.12,-2.707477805233002,4.564026307107737,-4.1970742917060875,4.524848257213828,1.0,0.0,-2.8321781158447266,1.3129661083221436
1.122,-2.7158832825288775,4.573081255486597,-4.202738647937777,4.527474189430473,1.0,0.0,-2.8275649547576904,1.3401092290878296
1.124,-2.724300070084572,4.582141564302375,-4.208393777847292,4.530154407888649,1.0,0.0,-2.8229527473449707,1.3673481941223145
1.1260000000000001,-2.7327281494512556,4.591207342510929,-4.214039683341983,4.532889104276893,1.0,0.0,-2.8183538913726807,1.394655466079712
1.1280000000000001,-2.741167502233505,4.600278699341347,-4.219676391124728,4.535678415209052,1.0,0.0,-2.813734292984009,1.4219708442687988
1.1300000000000001,-2.749618109952926,4.609355744055142,-4.225303859710696,4.538522356897589,1.0,0.0,-2.809138774871826,1.4492851495742798
1.1320000000000001,-2.7580799542274472,4.618438585909535,-4.230922137260439,4.541420927196738,1.0,0.0,-2.8045461177825928,1.4765806198120117
1.1340000000000001,-2.7665530166864394,4.627527334086408,-4.236531229496005,4.544374088436362,1.0,0.0,-2.7999515533447266,1.5038554668426514
1.1360000000000001,-2.7750372789516446,4.636622097685148,-4.242131132602694,4.547381799370047,1.0,0.0,-2.7953827381134033,1.5310362577438354
1.1380000000000001,-2.7835327227478026,4.645722985428919,-4.247721898078921,4.550443871885535,1.0,0.0,-2.7908263206481934,1.5581440925598145
1.1400000000000001,-2.792039329849243,4.654830105749061,-4.253303550720217,4.553560160070655,1.0,0.0,-2.7862846851348877,1.5851867198944092
1.1420000000000001,-2.800557082089424,4.663943566816082,-4.258876120090487,4.556730533510444,1.0,0.0,-2.7817790508270264,1.6121175289154053
1.1440000000000001,-2.8090859614458084,4.673063476353218,-4.264439678192141,4.559954768568274,1.0,0.0,-2.777308702468872,1.6389613151550293
1.1460000000000001,-2.8176259500370024,4.682189941735615,-4.269994295597079,4.563232691198584,1.0,0.0,-2.7728755474090576,1.665739893913269
1.1480000000000001,-2.826177030130386,4.691323070077588,-4.275540046691897,4.56656417098641,1.0,0.0,-2.768498420715332,1.6924277544021606
1.1500000000000001,-2.8347391842174527,4.700462968130578,-4.281077043533328,4.569949026495215,1.0,0.0,-2.764185667037964,1.7190439701080322
1.1520000000000001,-2.8433123950471875,4.709609742359449,-4.286605414867404,4.573387114435431,1.0,0.0,-2.759929656982422,1.7456272840499878
1.154,-2.8518966455955503,4.718763499097456,-4.292125274181369,4.5768783690035315,1.0,0.0,-2.755768060684204,1.7721611261367798
1.156,-2.8604919192161558,4.727924344479968,-4.297636810302737,4.580422691255805,1.0,0.0,-2.751699447631836,1.7986726760864258
1.158,-2.8690981996345517,4.737092384553184,-4.303140209198,4.584020036607978,1.0,0.0,-2.747738838195801,1.8252453804016113
1.16,-2.8777154710083006,4.746267725607921,-4.308635686874392,4.587670527368781,1.0,0.0,-2.7438971996307373,1.8518497943878174
1.162,-2.8863437179708478,4.755450474061836,-4.314123481273653,4.591374226957557,1.0,0.0,-2.740205764770508,1.8785436153411865
1.164,-2.8949829257564543,4.764640736690212,-4.319603892803194,4.595131314188239,1.0,0.0,-2.736664295196533,1.9053398370742798
1.166,-2.9036330801992416,4.773838620677937,-4.325077221393587,4.598941993862388,1.0,0.0,-2.733285665512085,1.9323370456695557
1.168,-2.9122941677846907,4.783044234013844,-4.330543792724612,4.602806667953727,1.0,0.0,-2.7301080226898193,1.9595460891723633
1.17,-2.920966175802231,4.792257685534108,-4.336004008769992,4.606725760132072,1.0,0.0,-2.7271416187286377,1.987016201019287
1.172,-2.9296490923862457,4.801479085119176,-4.341458292007449,4.610699792534111,1.0,0.0,-2.7244019508361816,2.014799118041992
1.174,-2.9383429065780637,4.8107085439007164,-4.346907095909121,4.6147293907701945,1.0,0.0,-2.721909999847412,2.0429632663726807
1.176,-2.9470476084098816,4.819946174535322,-4.352350915908816,4.61881531730294,1.0,0.0,-2.7196943759918213,2.071577787399292
1.178,-2.955763189019203,4.829192091481078,-4.357790304660799,4.622958472877738,1.0,0.0,-2.7177720069885254,2.1006686687469482
1.18,-2.9644896407165526,4.838446411101509,-4.363225848674777,4.6271598102152325,1.0,0.0,-2.716167688369751,2.1303396224975586
1.182,-2.9732269570846555,4.8477092520804295,-4.368658184051516,4.631420489460227,1.0,0.0,-2.7149040699005127,2.160634994506836
1.184,-2.9819751330690383,4.856980735599328,-4.374087992191317,4.635741759449241,1.0,0.0,-2.714006185531616,2.1915876865386963
1.186,-2.990734165078163,4.866260985468973,-4.37951600456238,4.640124934822318,1.0,0.0,-2.7134995460510254,2.2233734130859375
1.188,-2.999504051085472,4.87555012883227,-4.384943003654483,4.6445716816484905,1.0,0.0,-2.7133982181549072,2.2559728622436523
1.19,-3.0082847906856536,4.884848296087016,-4.3903698000907925,4.649083627372978,1.0,0.0,-2.713735818862915,2.289470911026001
1.192,-3.0170763852291107,4.894155621225406,-4.395797271728518,4.6536625691950295,1.0,0.0,-2.714547872543335,2.3240065574645996
1.194,-3.0258788379640578,4.903472242390026,-4.401226367473605,4.658310582309959,1.0,0.0,-2.715837240219116,2.3595643043518066
1.196,-3.0346921540479657,4.912798301811863,-4.406658041954043,4.6630297109186625,1.0,0.0,-2.7176456451416016,2.396287441253662
1.198,-3.0435163407144543,4.9221339463834655,-4.412093333244326,4.6678222858011695,1.0,0.0,-2.7199792861938477,2.4342057704925537
1.2,-3.052351407298088,4.93147932777815,-4.417533291816714,4.672690697342155,1.0,0.0,-2.722886800765991,2.4734179973602295
1.202,-3.0611973654289244,4.940834602844824,-4.422979065418246,4.677637533336876,1.0,0.0,-2.726367950439453,2.5139875411987305
1.204,-3.0700542290315624,4.950199933861662,-4.428431801319125,4.682665508419273,1.0,0.0,-2.7304539680480957,2.556004762649536
1.206,-3.078922014450073,4.959575488897551,-4.433892709255221,4.687777517944572,1.0,0.0,-2.7351791858673096,2.5995125770568848
1.208,-3.087800740585327,4.9689614419837485,-4.439363067626956,4.692976543098686,1.0,0.0,-2.740544319152832,2.6446032524108887
1.21,-3.0966904288978574,4.9783579734829555,-4.444844156265262,4.698265749603507,1.0,0.0,-2.746584892272949,2.691298246383667
1.212,-3.105591103549957,4.9877652701751485,-4.450337326049808,4.703648346096275,1.0,0.0,-2.753308057785034,2.739712953567505
1.214,-3.1145027914342878,4.997183525719155,-4.4558439421653775,4.709127772003409,1.0,0.0,-2.7607438564300537,2.7898614406585693
1.216,-3.123425522294044,5.006612940708925,-4.461365429878238,4.714707494884727,1.0,0.0,-2.7688941955566406,2.841820001602173
1.218,-3.132359328730583,5.0160537229787,-4.466903218269351,4.720391134887931,1.0,0.0,-2.7777819633483887,2.895627498626709
1.22,-3.141304246294975,5.025506087758471,-4.472458782196048,4.726182389885185,1.0,0.0,-2.787416696548462,2.9513087272644043
1.222,-3.1502603135261533,5.03497025777315,-4.478033615589145,4.732085007339714,1.0,0.0,-2.7978053092956543,3.0089097023010254
1.224,-3.159227571978569,5.044446463426638,-4.483629226207737,4.738102826744316,1.0,0.0,-2.8089678287506104,3.068460464477539
1.226,-3.1682060663022993,5.053934942921985,-4.489247161865237,4.744239747673271,1.0,0.0,-2.820889472961426,3.129972219467163
1.228,-3.1771958441839216,5.063435942306209,-4.49488894081116,4.750499692112205,1.0,0.0,-2.8335931301116943,3.193459987640381
1.23,-3.1861969564380646,5.072949715530384,-4.500556127071383,4.756886612087486,1.0,0.0,-2.8470816612243652,3.258941173553467
1.232,-3.1952094570188523,5.082476524519253,-4.506250290393832,4.763404494434593,1.0,0.0,-2.8613502979278564,3.3264057636260986
1.234,-3.2042334030008317,5.0920166391311765,-4.511972990989688,4.770057305961846,1.0,0.0,-2.8763720989227295,3.395824909210205
1.236,-3.213268854471207,5.101570337042737,-4.5177257351875335,4.776848955780266,1.0,0.0,-2.8921685218811035,3.4671850204467773
1.238,-3.2223158746156697,5.11113790369438,-4.5235100722312955,4.783783325821159,1.0,0.0,-2.9087374210357666,3.540480852127075
1.24,-3.2313745297098166,5.120719632269431,-4.529327547073367,4.790864287525413,1.0,0.0,-2.9260430335998535,3.615618944168091
1.242,-3.2404448889760977,5.130315823320259,-4.535179633140567,4.79809552541375,1.0,0.0,-2.9440953731536865,3.692612886428833
1.244,-3.2495270246238714,5.139926784822632,-4.541067823886874,4.805480751186607,1.0,0.0,-2.9628684520721436,3.7713522911071777
1.246,-3.2586210117454533,5.1495528317341694,-4.546993560791019,4.813023455768822,1.0,0.0,-2.982351064682007,3.851778507232666
1.248,-3.267726928271294,5.159194285759736,-4.552958262920383,4.820727012783287,1.0,0.0,-3.00251841545105,3.9338605403900146
1.25,-3.276844854870797,5.168851475227465,-4.558963299751285,4.828594733864067,1.0,0.0,-3.0233683586120605,4.017455577850342
1.252,-3.285974874943734,5.178524734517504,-4.565010036468509,4.836629645019768,1.0,0.0,-3.044854164123535,4.102518558502197
1.254,-3.2951170744333274,5.188214403881777,-4.571099744796756,4.8448346821367725,1.0,0.0,-3.066986322402954,4.188919544219971
1.256,-3.3042715418682103,5.197920828924228,-4.577233717441562,4.853212521225212,1.0,0.0,-3.0897223949432373,4.2765793800354
1.258,-3.3134383681926733,5.207644360284198,-4.583413162231448,4.861765679985283,1.0,0.0,-3.1130475997924805,4.365358829498291
1.26,-3.3226176467075352,5.217385353079487,-4.589639257431033,4.87049639764428,1.0,0.0,-3.1369426250457764,4.4551920890808105
1.262,-3.3318094729928975,5.227144166643131,-4.595913142681124,4.879406781822442,1.0,0.0,-3.161390781402588,4.545940399169922
1.264,-3.3410139448413854,5.236921163968373,-4.60223592424393,4.888498662620782,1.0,0.0,-3.186373233795166,4.637500762939453
1.266,-3.3502311621828085,5.246716711296666,-4.60860867071152,4.89777366414666,1.0,0.0,-3.2118778228759766,4.729778289794922
1.268,-3.359461227035523,5.256531177738118,-4.615032426357272,4.90723322072625,1.0,0.0,-3.2378921508789062,4.822634220123291
1.27,-3.368704243456841,5.266364934716451,-4.62150821065903,4.916878489166497,1.0,0.0,-3.2644200325012207,4.915998458862305
1.272,-3.3779603175582893,5.27621835568862,-4.628037050724033,4.926710486084222,1.0,0.0,-3.291445016860962,5.009774208068848
1.274,-3.3872295574398046,5.28609181575762,-4.634619940757755,4.93673003450036,1.0,0.0,-3.318981885910034,5.103870391845703
1.276,-3.396512073248864,5.295985691308188,-4.641257904529575,4.946937775284051,1.0,0.0,-3.347032308578491,5.1982293128967285
1.278,-3.405807977187157,5.305900359776008,-4.647951969146733,4.957334233909845,1.0,0.0,-3.3756213188171387,5.292812347412109
1.28,-3.415117383610726,5.3158361994932175,-4.6547032117843665,4.967919858604669,1.0,0.0,-3.4047844409942627,5.38755989074707
1.282,-3.4244404091720586,5.32579358944999,-4.661512780666355,4.978694978386163,1.0,0.0,-3.4345314502716064,5.482486248016357
1.284,-3.4337771728591924,5.335772909351754,-4.668381843566898,4.989659950882196,1.0,0.0,-3.4649288654327393,5.577579498291016
1.286,-3.443127796261788,5.3457745395715115,-4.675311701297764,5.000815109878777,1.0,0.0,-3.4960203170776367,5.672898769378662
1.288,-3.452492403745652,5.355798861386346,-4.682303741931919,5.012160907417535,1.0,0.0,-3.5278825759887695,5.76848840713501
1.29,-3.4618711227598196,5.36584625715481,-4.689359507083896,5.0236978842318045,1.0,0.0,-3.560579299926758,5.864459037780762
1.292,-3.471264084091187,5.375917110759424,-4.69648066568375,5.035426802307366,1.0,0.0,-3.594214677810669,5.960926055908203
1.294,-3.4806714222812656,5.386011808068263,-4.703669095039372,5.047348654419182,1.0,0.0,-3.628875494003296,6.058075428009033
1.296,-3.4900932759733205,5.3961307376788135,-4.7109268460273785,5.0594648052752005,1.0,0.0,-3.6647002696990967,6.156097412109375
1.298,-3.4995297884664542,5.406274291679012,-4.718256246566777,5.071777000099419,1.0,0.0,-3.7017910480499268,6.255201816558838
1.3,-3.50898110812378,5.416442866486477,-4.725659828662877,5.084287403732537,1.0,0.0,-3.740286111831665,6.355684280395508
1.302,-3.518447388925553,5.426636864031064,-4.7331404008865405,5.096998772293328,1.0,0.0,-3.7803616523742676,6.457828044891357
1.304,-3.527928791173936,5.43685669288783,-4.740701124191289,5.109914428383111,1.0,0.0,-3.8221631050109863,6.562010765075684
1.306,-3.5374254820747386,5.447102769787657,-4.7483454504013105,5.123038449913262,1.0,0.0,-3.865868091583252,6.668586254119873
1.308,-3.5469376364479075,5.4573755210325,-4.756077186584477,5.136375622421502,1.0,0.0,-3.9116673469543457,6.777977466583252
1.31,-3.556465437490464,5.467675384187209,-4.763900521278385,5.1499315773546686,1.0,0.0,-3.9597432613372803,6.890624523162842
1.312,-3.566009077506066,5.478002809840011,-4.77182000780106,5.163712826400994,1.0,0.0,-4.010313510894775,7.007004737854004
1.314,-3.575568758775712,5.488358263511764,-4.7798406348228495,5.177726835876702,1.0,0.0,-4.063570022583008,7.127609729766846
1.316,-3.5851446943254484,5.4987422276224365,-4.787967774868015,5.1919820553362355,1.0,0.0,-4.11973762512207,7.252996921539307
1.318,-3.5947371088256848,5.509155203720795,-4.796207250118259,5.206488049179314,1.0,0.0,-4.1790242195129395,7.3836517333984375
1.32,-3.6043462394227994,5.519597714426087,-4.804565298557285,5.221255352646111,1.0,0.0,-4.241644382476807,7.520140171051025
1.322,-3.613972336597444,5.530070305692064,-4.813048587322238,5.236295632988213,1.0,0.0,-4.307806968688965,7.663060188293457
1.324,-3.623615664999963,5.540573549198793,-4.821664201259616,5.2516217533648,1.0,0.0,-4.377743721008301,7.812895774841309
1.326,-3.6332765043773665,5.551108044288623,-4.830419688701633,5.267247544914483,1.0,0.0,-4.451618194580078,7.970233917236328
1.328,-3.642955150227548,5.56167442031412,-4.8393229250907925,5.283188012748956,1.0,0.0,-4.5296502113342285,8.135579109191895
1.33,-3.6526519146785748,5.572273338656055,-4.848382225513461,5.2994591709673395,1.0,0.0,-4.612011909484863,8.30946159362793
1.332,-3.6623671271772396,5.582905494844365,-4.857606249332431,5.316078094154595,1.0,0.0,-4.698866844177246,8.492348670959473
1.334,-3.672101135143281,5.593571620427358,-4.867003983020785,5.3330627914965145,1.0,0.0,-4.790355682373047,8.684652328491211
1.336,-3.681854304532052,5.604272484619665,-4.8765846943855315,5.350432096153497,1.0,0.0,-4.886621475219727,8.886794090270996
1.338,-3.691627020406724,5.615008895988333,-4.886357937335971,5.368205684334039,1.0,0.0,-4.987757205963135,9.099123001098633
1.34,-3.70141968731022,5.625781703849006,-4.896333451747897,5.386403930336236,1.0,0.0,-5.093843936920166,9.321876525878906
1.342,-3.7112327295894634,5.636591799215782,-4.906521139621738,5.405047683387994,1.0,0.0,-5.204937934875488,9.5552978515625
1.344,-3.7210665916204464,5.647440115773964,-4.916931015491489,5.4241582790911185,1.0,0.0,-5.321059226989746,9.799525260925293
1.346,-3.7309217378883375,5.65832763043319,-4.927573133945469,5.443757329612969,1.0,0.0,-5.442214012145996,10.05461311340332
1.348,-3.740798653012277,5.6692553635448695,-4.938457561969761,5.463866555839775,1.0,0.0,-5.568363666534424,10.320544242858887
1.35,-3.7506978415908825,5.68022437883352,-4.94959428930283,5.484507644325493,1.0,0.0,-5.6994452476501465,10.597249031066895
1.352,-3.7606198279504786,5.691235783118295,-4.96099317979813,5.505702142387627,1.0,0.0,-5.835372447967529,10.884551048278809
1.354,-3.7705651557998667,5.702290725607264,-4.972663924694065,5.527471244484185,1.0,0.0,-5.976010322570801,11.182162284851074
1.356,-3.7805343876905453,5.713390396745371,-4.984615945339207,5.549835569053887,1.0,0.0,-6.12123441696167,11.489758491516113
1.358,-3.7905281045188914,5.724536026917445,-4.99685841417313,5.572815086036919,1.0,0.0,-6.270847797393799,11.80692195892334
1.36,-3.8005469047384275,5.735728884777354,-5.009400109767918,5.596428929954766,1.0,0.0,-6.424671173095703,12.133185386657715
1.362,-3.810591403642656,5.7469702753788106,-5.022249452114109,5.620695300728081,1.0,0.0,-6.582485675811768,12.46799087524414
1.364,-3.820662232489587,5.758261537943768,-5.035414423465733,5.645631282478569,1.0,0.0,-6.744062423706055,12.810744285583496
1.366,-3.8307600375862134,5.7696040434858675,-5.048902548313145,5.671252771049736,1.0,0.0,-6.909158706665039,13.160783767700195
1.368,-3.8408854793176666,5.780999192163038,-5.062720865726475,5.697574338585136,1.0,0.0,-7.0775299072265625,13.51744556427002
1.37,-3.8510392311687482,5.792448410622465,-5.076875925540929,5.724609229713677,1.0,0.0,-7.248927593231201,13.880017280578613
1.372,-3.861221978730203,5.803953149151015,-5.091373780727391,5.752369264274834,1.0,0.0,-7.423111915588379,14.247819900512695
1.374,-3.8714344187393204,5.815514878959167,-5.106220004558568,5.780864904075859,1.0,0.0,-7.599850177764893,14.620144844055176
1.3760000000000001,-3.8816772581491485,5.827135089346695,-5.121419704914098,5.810105193763969,1.0,0.0,-7.778937339782715,14.996336936950684
1.3780000000000001,-3.891951213308336,5.838815285081971,-5.136977579593664,5.840097867637871,1.0,0.0,-7.960168361663818,15.3757905960083
1.3800000000000001,-3.90225700914097,5.85055698397963,-5.1528979163169915,5.870849448829888,1.0,0.0,-8.143399238586426,15.757929801940918
1.3820000000000001,-3.912595378570558,5.8623617145964975,-5.169184714794165,5.90236530843377,1.0,0.0,-8.328503608703613,16.14234161376953
1.3840000000000001,-3.9229670620145813,5.87423101457982,-5.185841722011572,5.934649991661309,1.0,0.0,-8.515406608581543,16.528575897216797
1.3860000000000001,-3.9333728070850387,5.886166428866732,-5.202872535228735,5.967707143455742,1.0,0.0,-8.704072952270508,16.916418075561523
1.3880000000000001,-3.943813368447305,5.898169508825945,-5.220280681133277,6.001539979606865,1.0,0.0,-8.894529342651367,17.305694580078125
1.3900000000000001,-3.9542895079269424,5.91024181156348,-5.238069739818579,6.036151368767022,1.0,0.0,-9.08684253692627,17.696456909179688
1.3920000000000001,-3.9648019947767272,5.92238490012865,-5.256243424892432,6.071544282585381,1.0,0.0,-9.281171798706055,18.088836669921875
1.3940000000000001,-3.975351606313707,5.934600344040501,-5.274805768489844,6.107721955925225,1.0,0.0,-9.477685928344727,18.483144760131836
1.3960000000000001,-3.9859391285944,5.9468897205313915,-5.2937611403465334,6.144688245445488,1.0,0.0,-9.676671028137207,18.87985610961914
1.3980000000000001,-3.9965653575592057,5.959254616446721,-5.313114482402808,6.182447957664727,1.0,0.0,-9.878425598144531,19.279598236083984
1.4000000000000001,-4.007231100226404,5.971696630754995,-5.332871333599097,6.2210071541368945,1.0,0.0,-10.083308219909668,19.68316078186035
1.4020000000000001,-4.017937176126482,5.984217377706396,-5.3530379500389165,6.260373475700615,1.0,0.0,-10.291727066040039,20.091461181640625
1.4040000000000001,-4.028684418934824,5.996818490502524,-5.373621404170996,6.300556398063897,1.0,0.0,-10.504118919372559,20.505542755126953
1.4060000000000001,-4.039473678218843,6.009501625469673,-5.3946296420097415,6.341567483574151,1.0,0.0,-10.72091007232666,20.926525115966797
1.408,-4.0503058211431515,6.022268466537285,-5.416071462154394,6.383420533806085,1.0,0.0,-10.9425687789917,21.35564613342285
1.41,-4.0611817343425765,6.035120730189431,-5.437956599712378,6.426131826072931,1.0,0.0,-11.169476509094238,21.794103622436523
1.412,-4.0721023254480375,6.048060170256067,-5.4602955527305665,6.469720033317804,1.0,0.0,-11.401986122131348,22.243120193481445
1.414,-4.083068524497987,6.061088582803476,-5.483099524974829,6.514206273704767,1.0,0.0,-11.640368461608887,22.70378875732422
1.416,-4.094081285021783,6.074207810505915,-5.506380261898047,6.5596138512194155,1.0,0.0,-11.884716987609863,23.177034378051758
1.418,-4.10514158441353,6.087419746345867,-5.530149695873267,6.6059679199755195,1.0,0.0,-12.135001182556152,23.663652420043945
1.42,-4.116250423810007,6.100726336795498,-5.554419698238379,6.653295224815607,1.0,0.0,-12.3909330368042,24.16399383544922
1.422,-4.12740882693863,6.114129583220471,-5.579201564311988,6.701623212486505,1.0,0.0,-12.652009010314941,24.678171157836914
1.424,-4.138617838103296,6.127631542330075,-5.604505582332617,6.750979554802179,1.0,0.0,-12.917383193969727,25.20573616027832
1.426,-4.149878518800737,6.14123432438432,-5.630340348720557,6.801391027122736,1.0,0.0,-13.185876846313477,25.745710372924805
1.428,-4.161191943005563,6.154940089280057,-5.6567121024131835,6.852882447868585,1.0,0.0,-13.455951690673828,26.29658317565918
1.43,-4.172559191017152,6.168751040508496,-5.683624005794531,6.905475614219903,1.0,0.0,-13.725662231445312,26.85611915588379
1.432,-4.183981341677667,6.182669416213559,-5.7110753302574215,6.959187852531671,1.0,0.0,-13.992644309997559,27.421405792236328
1.434,-4.195459462915422,6.196697477541791,-5.739060618877416,7.014030664116143,1.0,0.0,-14.254142761230469,27.988826751708984
1.436,-4.206994600724221,6.210837494177031,-5.7675689043998775,7.070008317619561,1.0,0.0,-14.507027626037598,28.554086685180664
1.438,-4.218587766643525,6.22509172715901,-5.7965829596519525,7.1271164909899225,1.0,0.0,-14.747830390930176,29.112226486206055
1.44,-4.230239923884392,6.239462409046935,-5.826078620433813,7.185340943962335,1.0,0.0,-14.97282886505127,29.657730102539062
1.442,-4.24195197244072,6.25395172185527,-5.856024278163916,7.244656404167413,1.0,0.0,-15.178131103515625,30.184619903564453
1.444,-4.253724733521462,6.268561773143219,-5.886380540370947,7.305025643974542,1.0,0.0,-15.359785079956055,30.686582565307617
1.446,-4.265558933742524,6.283294570761429,-5.917100110530859,7.366398809105157,1.0,0.0,-15.513900756835938,31.15717315673828
1.448,-4.277455189566613,6.298151997072266,-5.948127912044531,7.428713155418634,1.0,0.0,-15.636788368225098,31.58991050720215
1.45,-4.2894139925441745,6.313135783025133,-5.979401488780981,7.4918929764330375,1.0,0.0,-15.725091934204102,31.978519439697266
1.452,-4.301435695889474,6.328247483055757,-6.010851672649389,7.555850015312432,1.0,0.0,-15.775915145874023,32.317081451416016
1.454,-4.313520502895356,6.343488451412188,-6.042403502941137,7.620484178215264,1.0,0.0,-15.786959648132324,32.60022735595703
1.456,-4.325668457739831,6.358859820678043,-6.073977422237402,7.685684632927178,1.0,0.0,-15.756575584411621,32.82317352294922
1.458,-4.3378794388866435,6.374362482637989,-6.105490573406225,7.751330979973077,1.0,0.0,-15.683891296386719,32.98200988769531
1.46,-4.350153155598641,6.3899970726374855,-6.136858355998998,7.8172949997484675,1.0,0.0,-15.568793296813965,33.073631286621094
1.462,-4.362489147483826,6.4057639571621285,-6.1679959425926265,7.88344226232171,1.0,0.0,-15.411980628967285,33.095855712890625
1.464,-4.374886787291527,6.421663225109624,-6.198819903850561,7.949633973747491,1.0,0.0,-15.214913368225098,33.04747772216797
1.466,-4.387345286752701,6.437694682968008,-6.229249730587011,8.015728929191827,1.0,0.0,-14.979763984680176,32.92818832397461
1.468,-4.399863705269814,6.453857853579687,-6.259209258556371,8.081585305839775,1.0,0.0,-14.709341049194336,32.738616943359375
1.47,-4.412440961151123,6.47015197865914,-6.28862794065476,8.147062539726495,1.0,0.0,-14.407012939453125,32.480289459228516
1.472,-4.425075845084191,6.48657602489643,-6.317441966533667,8.212023118644952,1.0,0.0,-14.076546669006348,32.15545654296875
1.474,-4.437767035203934,6.5031286929598915,-6.3455950598716795,8.27633403173089,1.0,0.0,-13.722050666809082,31.767208099365234
1.476,-4.450513113526345,6.51980842985575,-6.3730391612052975,8.339868447929621,1.0,0.0,-13.347826957702637,31.319246292114258
1.478,-4.463312583156586,6.536613443736778,-6.399734815120703,8.40250694051385,1.0,0.0,-12.958260536193848,30.815874099731445
1.48,-4.4761638858289725,6.553541721114205,-6.4256513361930905,8.464138688713314,1.0,0.0,-12.557731628417969,30.261920928955078
1.482,-4.489065419427872,6.570591046175347,-6.4507667994499265,8.524662530571224,1.0,0.0,-12.150480270385742,29.662580490112305
1.484,-4.502015554947853,6.58775902155845,-6.475067759990698,8.583987691551448,1.0,0.0,-11.740622520446777,29.023435592651367
1.486,-4.515012652957917,6.605043090683924,-6.498549005031592,8.64203456273675,1.0,0.0,-11.331961631774902,28.35028648376465
1.488,-4.528055078814507,6.622440560955332,-6.521212928295141,8.698735135704279,1.0,0.0,-10.92802906036377,27.649063110351562
1.49,-4.541141216787339,6.639948627479182,-6.543068986415869,8.754033261924983,1.0,0.0,-10.532001495361328,26.92572021484375
1.492,-4.554269482766152,6.657564396883891,-6.564132989406591,8.80788470235467,1.0,0.0,-10.146679878234863,26.186214447021484
1.494,-4.5674383354644785,6.675284911146388,-6.584426349163061,8.860257131248712,1.0,0.0,-9.774474143981934,25.436315536499023
1.496,-4.58064628605938,6.6931071706710314,-6.603975297451025,8.91112976232171,1.0,0.0,-9.417379379272461,24.6815128326416
1.498,-4.593891906171799,6.711028156247005,-6.62281005620957,8.960492787986993,1.0,0.0,-9.077000617980957,23.927061080932617
1.5,-4.60717383428669,6.729044850067303,-6.640964057445531,9.008346910148859,1.0,0.0,-8.754533767700195,23.177738189697266
1.502,-4.6204907805366515,6.74715425484036,-6.658473124980932,9.054702386528254,1.0,0.0,-8.450785636901855,22.43784523010254
1.504,-4.633841529929161,6.7653534109943365,-6.675374696254736,9.09957807698846,1.0,0.0,-8.16618537902832,21.71115493774414
1.506,-4.647224944063187,6.783639411768064,-6.691707067012793,9.143000386863948,1.0,0.0,-7.900828838348389,21.00086784362793
1.508,-4.660639961512566,6.802009416013166,-6.7075087246894896,9.185002122551204,1.0,0.0,-7.654463768005371,20.309600830078125
1.51,-4.674085596817017,6.820460658661589,-6.7228176522255,9.22562132421136,1.0,0.0,-7.426576614379883,19.639347076416016
1.512,-4.687560938427925,6.8389904586983175,-6.73767080545426,9.264900018364193,1.0,0.0,-7.216367721557617,18.99149513244629
1.514,-4.70106514550972,6.857596224715576,-6.752103540897376,9.302883008629085,1.0,0.0,-7.022839546203613,18.366846084594727
1.516,-4.7145974439497,6.876275458117172,-6.766149219989783,9.339616700798274,1.0,0.0,-6.844809055328369,17.765743255615234
1.518,-4.728157121625901,6.895025754491791,-6.77983883810044,9.375148187309504,1.0,0.0,-6.68095588684082,17.187944412231445
1.52,-4.741743523125649,6.913844802644059,-6.7932007498741225,9.409524076133968,1.0,0.0,-6.52986478805542,16.632944107055664
1.522,-4.755356044084549,6.932730382572755,-6.806260479450233,9.44278996434808,1.0,0.0,-6.3900909423828125,16.09977149963379
1.524,-4.768994125407219,6.951680361587449,-6.8190406613349985,9.474989507347347,1.0,0.0,-6.260140419006348,15.587278366088867
1.526,-4.782657247291565,6.970692689715609,-6.831560942173011,9.506164064079526,1.0,0.0,-6.138587474822998,15.09411907196045
1.528,-4.796344923525811,6.989765394320056,-6.843838117122657,9.536352302223447,1.0,0.0,-6.024067401885986,14.618889808654785
1.53,-4.810056696029664,7.008896574483737,-6.855886251926429,9.565590081840757,1.0,0.0,-5.915273189544678,14.160104751586914
1.532,-4.823792129626274,7.028084395066425,-6.867716798305518,9.593910291343931,1.0,0.0,-5.811038494110107,13.71640682220459
1.534,-4.837550807376862,7.047327081276402,-6.8793388752937386,9.621343104988341,1.0,0.0,-5.710358142852783,13.28648567199707
1.536,-4.85133232656002,7.066622913429066,-6.890759591579444,9.647916076332335,1.0,0.0,-5.612346172332764,12.869165420532227
1.538,-4.8651362951278685,7.0859702222434136,-6.90198428392411,9.6736544071734,1.0,0.0,-5.5162835121154785,12.463499069213867
1.54,-4.878962328829765,7.105367385054037,-6.913016850948341,9.698581405311828,1.0,0.0,-5.421604633331299,12.068702697753906
1.542,-4.892810048950195,7.124812822675452,-6.923860060215003,9.722718810707335,1.0,0.0,-5.327909469604492,11.684149742126465
1.544,-4.9066790807085034,7.144304996895835,-6.934515879154212,9.746087110191587,1.0,0.0,-5.234929084777832,11.309475898742676
1.546,-4.920569052183151,7.163842409019813,-6.944985737323767,9.768706061989072,1.0,0.0,-5.142535209655762,10.944433212280273
1.548,-4.9344795937986365,7.183423598876641,-6.955270807743079,9.790594928413633,1.0,0.0,-5.05068826675415,10.58890151977539
1.55,-4.948410338167189,7.203047144339547,-6.965372184276587,9.811772731453184,1.0,0.0,-4.959455966949463,10.242985725402832
1.552,-4.96236092035961,7.222711661745355,-6.975291096210486,9.832258702903989,1.0,0.0,-4.868992805480957,9.906736373901367
1.554,-4.9763309785232535,7.242415806096658,-6.985029081821448,9.852072175651791,1.0,0.0,-4.7794718742370605,9.580367088317871
1.556,-4.990320154574393,7.262158271916315,-6.994588025569922,9.871232909828427,1.0,0.0,-4.691117286682129,9.264057159423828
1.558,-5.00432809509468,7.281937793964609,-7.003970260143286,9.889761024147274,1.0,0.0,-4.604160785675049,8.957965850830078
1.56,-5.018354452258109,7.3017531478763065,-7.013178581714636,9.907676955848935,1.0,0.0,-4.518835067749023,8.662287712097168
1.562,-5.032398884761809,7.321603150938853,-7.022216251850135,9.925001531273129,1.0,0.0,-4.435365200042725,8.377111434936523
1.564,-5.04646105872631,7.341486662447139,-7.03108698225022,9.941755754143001,1.0,0.0,-4.353945732116699,8.102511405944824
1.566,-5.060540648473739,7.361402584001048,-7.039794873714453,9.957960776954891,1.0,0.0,-4.274726867675781,7.838431358337402
1.568,-5.074637337128639,7.381349859280392,-7.048344327449805,9.973637639671566,1.0,0.0,-4.197842121124268,7.584793567657471
1.57,-5.088750817152023,7.401327473734006,-7.056740011692054,9.98880722680688,1.0,0.0,-4.123393535614014,7.341437816619873
1.572,-5.102880790749549,7.421334453938886,-7.064986798763282,10.00349010244012,1.0,0.0,-4.051426887512207,7.108129501342773
1.574,-5.117026970054626,7.441369866661772,-7.0730896525383065,10.017706361442805,1.0,0.0,-3.981951951980591,6.884557723999023
1.576,-5.131189077167511,7.461432817615553,-7.081053556442268,10.031475476890803,1.0,0.0,-3.914973497390747,6.670409202575684
1.578,-5.145366844174385,7.481522450206145,-7.088883503437049,10.044816295295954,1.0,0.0,-3.850451707839966,6.465284824371338
1.58,-5.1595600129880905,7.501637943936035,-7.096584406852729,10.057746864944697,1.0,0.0,-3.788322687149048,6.268767833709717
1.582,-5.173768335092545,7.521778512737259,-7.1041610522270275,10.070284400612117,1.0,0.0,-3.728517770767212,6.080428123474121
1.584,-5.187991571268082,7.541943403250977,-7.111618087768562,10.082445256859065,1.0,0.0,-3.6709647178649902,5.899785041809082
1.586,-5.20222949130249,7.562131892904863,-7.118960017204293,10.094244826942683,1.0,0.0,-3.615572214126587,5.726375579833984
1.588,-5.216481873625756,7.582343288061067,-7.126191161632546,10.105697578102351,1.0,0.0,-3.562269687652588,5.559654235839844
1.59,-5.230748505027772,7.602576921834215,-7.133315701007851,10.11681688657403,1.0,0.0,-3.510943651199341,5.399220943450928
1.592,-5.2450291802043925,7.622832152491137,-7.14033758831025,10.127615328460932,1.0,0.0,-3.461566925048828,5.24447774887085
1.594,-5.2593237016487135,7.6431083610590544,-7.147260722160348,10.138104283958674,1.0,0.0,-3.414079189300537,5.094961643218994
1.596,-5.273631879409791,7.663404949473545,-7.154088880538949,10.148294207245112,1.0,0.0,-3.3684186935424805,4.950126647949219
1.598,-5.287953530845643,7.683721338394627,-7.160825717926034,10.15819446054101,1.0,0.0,-3.324570894241333,4.8094587326049805
1.6,-5.302288480565072,7.70405696515064,-7.167474859714517,10.167813378006219,1.0,0.0,-3.2825374603271484,4.672433853149414
1.602,-5.316636560434342,7.724411281642065,-7.1740399346351715,10.177158245712517,1.0,0.0,-3.2423107624053955,4.538527965545654
1.604,-5.330997609546662,7.744783752245352,-7.180524556159982,10.186235301643608,1.0,0.0,-3.203927516937256,4.407160758972168
1.606,-5.34537147436905,7.765173851491675,-7.186932411193856,10.195049623161552,1.0,0.0,-3.16743540763855,4.277825832366943
1.608,-5.359758008933068,7.785581062041328,-7.193267282009134,10.203605274826286,1.0,0.0,-3.1329073905944824,4.15001106262207
1.61,-5.374157075126648,7.806004872635231,-7.199533096790323,10.21190529695153,1.0,0.0,-3.1004176139831543,4.023158073425293
1.612,-5.388568542990685,7.826444775861428,-7.20573393201829,10.219951613098381,1.0,0.0,-3.070061445236206,3.896779775619507
1.614,-5.402992291100502,7.8469002662067275,-7.211874054908762,10.22774517264962,1.0,0.0,-3.0419633388519287,3.770401954650879
1.616,-5.417428207063675,7.867370838159846,-7.217957981586466,10.235285976558922,1.0,0.0,-3.016214370727539,3.6435675621032715
1.618,-5.43187618788433,7.887855984383212,-7.223990410327921,10.242573111683129,1.0,0.0,-2.9929800033569336,3.5158324241638184
1.62,-5.446336140624999,7.908355193936275,-7.229976370334635,10.249604776531456,1.0,0.0,-2.972397565841675,3.386881113052368
1.622,-5.460807982955932,7.928867951013791,-7.235921165466318,10.256378538757561,1.0,0.0,-2.954596996307373,3.2563583850860596
1.624,-5.47529164367485,7.949393733524846,-7.241830359458933,10.262891255527734,1.0,0.0,-2.939739942550659,3.1240193843841553
1.6260000000000001,-5.489787063353538,7.969932012113439,-7.247709839344035,10.269139294296503,1.0,0.0,-2.9279818534851074,2.9896740913391113
1.6280000000000001,-5.50429419495964,7.990482249398397,-7.253565803051005,10.275118642479182,1.0,0.0,-2.919443130493164,2.8532302379608154
1.6300000000000001,-5.518813004338265,8.011043899604307,-7.2594046893119915,10.280825102955104,1.0,0.0,-2.9142932891845703,2.7146317958831787
1.6320000000000001,-5.5333434708900455,8.0316164083374,-7.265233275890361,10.28625436654687,1.0,0.0,-2.912656784057617,2.573906660079956
1.6340000000000001,-5.547885588068962,8.052199212697134,-7.271058589458476,10.291402179867031,1.0,0.0,-2.91465163230896,2.4311795234680176
1.6360000000000001,-5.562439363854408,8.072791741774962,-7.276887892723094,10.296264538913967,1.0,0.0,-2.9203836917877197,2.2866764068603516
1.6380000000000001,-5.577004821174621,8.093393417558417,-7.282728660106669,10.300837891727687,1.0,0.0,-2.9299373626708984,2.140627861022949
1.6400000000000001,-5.591581998244285,8.114003655853317,-7.288588534832011,10.305119147449732,1.0,0.0,-2.9433815479278564,1.9934217929840088
1.6420000000000001,-5.606170948840141,8.134621867835389,-7.2944752979278675,10.3091059910357,1.0,0.0,-2.960765838623047,1.8454959392547607
1.6440000000000001,-5.620771742499351,8.155247461801217,-7.300396829605114,10.31279698291421,1.0,0.0,-2.982116937637329,1.697261929512024
1.6460000000000001,-5.635384464626312,8.175879844814764,-7.306361063480388,10.316191506773233,1.0,0.0,-3.0074000358581543,1.5493125915527344
1.6480000000000001,-5.650009216353416,8.196518425078677,-7.312375863552104,10.319290131956338,1.0,0.0,-3.0366063117980957,1.402191400527954
1.6500000000000001,-5.664646114505767,8.217162614108192,-7.3184490761757,10.322094514757394,1.0,0.0,-3.069640874862671,1.2564815282821655
1.6520000000000001,-5.679295291221618,8.23781182906382,-7.324588357925425,10.324607477813958,1.0,0.0,-3.106416702270508,1.1128017902374268
1.6540000000000001,-5.693956893604278,8.258465495226607,-7.330801191329965,10.326833081394433,1.0,0.0,-3.146798849105835,0.9717661142349243
1.6560000000000001,-5.708631083182334,8.279123048453853,-7.337094789028177,10.328776613622903,1.0,0.0,-3.190605401992798,0.8339438438415527
1.6580000000000001,-5.7233180351819986,8.299783937456473,-7.343475999832163,10.330444501310586,1.0,0.0,-3.2376558780670166,0.699923038482666
1.6600000000000001,-5.738017937805175,8.320447626151248,-7.349951311588296,10.331844347387552,1.0,0.0,-3.2876956462860107,0.5701695084571838
1.6620000000000001,-5.752730991210937,8.341113595524057,-7.356526702880869,10.332984686404465,1.0,0.0,-3.3404552936553955,0.44517722725868225
1.6640000000000001,-5.767457406437873,8.361781345605774,-7.363207613468179,10.333875040858983,1.0,0.0,-3.3956427574157715,0.3252519965171814
1.666,-5.782197404235839,8.382450396695479,-7.3699988989830105,10.334525544852017,1.0,0.0,-3.4529099464416504,0.2107326090335846
1.668,-5.796951213673591,8.403120290715618,-7.376904718875894,10.334947010070085,1.0,0.0,-3.5119192600250244,0.101760134100914
1.67,-5.811719070788382,8.423790591776294,-7.383928557395944,10.335150530338288,1.0,0.0,-3.5722649097442627,-0.0015853960067033768
1.672,-5.826501216962813,8.444460886495387,-7.391073087215432,10.335147359546275,1.0,0.0,-3.633559226989746,-0.09936515986919403
1.674,-5.841297897374152,8.465130783753839,-7.398340205669411,10.334948629226536,1.0,0.0,-3.6953485012054443,-0.19174380600452423
1.676,-5.856109359179495,8.485799914037068,-7.405730902671822,10.334565141614528,1.0,0.0,-3.75722074508667,-0.27899423241615295
1.678,-5.870935849867819,8.506467928343367,-7.413245344161996,10.334007153149695,1.0,0.0,-3.8187222480773926,-0.36157751083374023
1.68,-5.885777615445135,8.527134496339624,-7.42088278865815,10.333283998128028,1.0,0.0,-3.879399061203003,-0.4400017559528351
1.682,-5.900634898618696,8.547799304328857,-7.428641586780556,10.332403994616122,1.0,0.0,-3.938793897628784,-0.5148974061012268
1.684,-5.915507936967848,8.568462052728465,-7.436519174575814,10.33137419980392,1.0,0.0,-3.9964776039123535,-0.5869936347007751
1.686,-5.930396961227415,8.589122453153534,-7.4445121297836385,10.330200212534518,1.0,0.0,-4.052031517028809,-0.657109260559082
1.688,-5.945302193613051,8.609780225141561,-7.452616192817696,10.3288859940134,1.0,0.0,-4.105058670043945,-0.7261003851890564
1.69,-5.960223846233366,8.630435092728048,-7.460826310157784,10.32743379324302,1.0,0.0,-4.155187606811523,-0.794851541519165
1.692,-5.975162119604109,8.651086780908368,-7.4691366853714065,10.325844090159983,1.0,0.0,-4.202103137969971,-0.8642613887786865
1.694,-5.990117201387403,8.671735012043133,-7.4775408916473465,10.324115567382425,1.0,0.0,-4.245545387268066,-0.9352332353591919
1.696,-6.005089265352247,8.692379502244956,-7.486031982421882,10.322245100911706,1.0,0.0,-4.285283088684082,-1.0085574388504028
1.698,-6.020078470449445,8.713019958217023,-7.49460254859925,10.320227986034006,1.0,0.0,-4.321182727813721,-1.085019826889038
1.7,-6.035084960277556,8.733656074109783,-7.503244914054878,10.318057946380227,1.0,0.0,-4.353158473968506,-1.1652554273605347
1.702,-6.050108862739561,8.754287528980834,-7.511951231002815,10.315727435525506,1.0,0.0,-4.381215572357178,-1.249720573425293
1.704,-6.0651502900638565,8.774913984969592,-7.5207136621475295,10.313227994378655,1.0,0.0,-4.405431747436523,-1.3388011455535889
1.706,-6.080209339115141,8.795535085753768,-7.529524525642403,10.310550392087547,1.0,0.0,-4.425970554351807,-1.4326595067977905
1.708,-6.095286092048643,8.816150455899916,-7.538376466751107,10.307685073073952,1.0,0.0,-4.443062782287598,-1.5312013626098633
1.71,-6.110380617233274,8.836759701240613,-7.547262592315682,10.304622670348731,1.0,0.0,-4.457005023956299,-1.6342222690582275
1.712,-6.1254929704380014,8.857362409692234,-7.556176602363594,10.301354225810615,1.0,0.0,-4.468202590942383,-1.7412611246109009
1.714,-6.140623196453093,8.877958153099357,-7.565113007545479,10.297871703561393,1.0,0.0,-4.477043151855469,-1.8516261577606201
1.716,-6.155771330640791,8.898546490001848,-7.57406709384919,10.294168451245872,1.0,0.0,-4.484002113342285,-1.9645012617111206
1.718,-6.170937400836943,8.919126968899294,-7.583035098075874,10.290239448722449,1.0,0.0,-4.489558219909668,-2.0788655281066895
1.72,-6.186121429265974,8.939699132334626,-7.592014214515694,10.286081717666235,1.0,0.0,-4.494185924530029,-2.193530797958374
1.722,-6.201323434438703,8.960262521646767,-7.601002586364754,10.281694656070318,1.0,0.0,-4.498331069946289,-2.307311534881592
1.724,-6.216543432935713,8.980816681712769,-7.609999248504647,10.277080033000555,1.0,0.0,-4.502409934997559,-2.4189186096191406
1.726,-6.231781441072462,9.001361166104331,-7.619004068374642,10.272242195781317,1.0,0.0,-4.506746768951416,-2.5270111560821533
1.728,-6.247037476196287,9.02189554245127,-7.628017561912545,10.267188173469153,1.0,0.0,-4.511584758758545,-2.630342483520508
1.73,-6.262311557659147,9.042419397428274,-7.637040731430062,10.261927488502112,1.0,0.0,-4.517045021057129,-2.727795362472534
1.732,-6.277603707302092,9.062932341223828,-7.646074821472176,10.256471897777166,1.0,0.0,-4.523135662078857,-2.8183627128601074
1.734,-6.2929139494876845,9.083434011568531,-7.655121092796334,10.250835172351445,1.0,0.0,-4.529689788818359,-2.901230573654175
1.736,-6.3082423104324326,9.103924076990939,-7.66418047237397,10.245032711204137,1.0,0.0,-4.536448001861572,-2.975801467895508
1.738,-6.323588817169188,9.124402239207475,-7.673253368377694,10.239081108268346,1.0,0.0,-4.542945861816406,-3.0417299270629883
1.74,-6.338953495689391,9.144868234504303,-7.682339260101326,10.23299764841422,1.0,0.0,-4.548654556274414,-3.098984956741333
1.742,-6.354336368827819,9.165321833861304,-7.691436569213875,10.226799678500736,1.0,0.0,-4.552855014801025,-3.147738218307495
1.744,-6.369737453386306,9.185762842265433,-7.700542279243477,10.220504202064122,1.0,0.0,-4.554791450500488,-3.188441753387451
1.746,-6.385156757110595,9.206191096902547,-7.709651862144478,10.214127318557347,1.0,0.0,-4.55364465713501,-3.2217636108398438
1.748,-6.400594275413512,9.226606464485219,-7.718759151458747,10.207683791335667,1.0,0.0,-4.548523426055908,-3.2485809326171875
1.75,-6.416049987810134,9.24700883774416,-7.727856198310859,10.201186629470433,1.0,0.0,-4.538581848144531,-3.2699053287506104
1.752,-6.431523854534149,9.267398131381785,-7.736933362007148,10.194646818812931,1.0,0.0,-4.523029327392578,-3.2868402004241943
1.754,-6.447015813375472,9.28777427765861,-7.745979420661934,10.188073138412083,1.0,0.0,-4.501153945922852,-3.3004512786865234
1.756,-6.46252577683258,9.30813722213032,-7.75498172855378,10.18147223585471,1.0,0.0,-4.472372531890869,-3.3118534088134766
1.758,-6.478053629779815,9.328486919188395,-7.763926473617562,10.174848529037082,1.0,0.0,-4.436290264129639,-3.3219757080078125
1.76,-6.493599227888106,9.348823328343636,-7.772799054145821,10.168204577621067,1.0,0.0,-4.392673969268799,-3.331679344177246
1.762,-6.509162396692275,9.369146410781502,-7.781584402084359,10.161541218932712,1.0,0.0,-4.341521263122559,-3.341442823410034
1.764,-6.524742931581496,9.389456127448074,-7.790267444610604,10.154858333285892,1.0,0.0,-4.283019065856934,-3.3516159057617188
1.766,-6.5403405985469805,9.409752437651022,-7.798833482742318,10.14815510147437,1.0,0.0,-4.217616558074951,-3.362229824066162
1.768,-6.555955135978698,9.430035298934675,-7.807268715858468,10.141430641826236,1.0,0.0,-4.145895004272461,-3.3730084896087646
1.77,-6.5715862569904315,9.45030466818437,-7.815560505867013,10.134684624847019,1.0,0.0,-4.068687915802002,-3.3834166526794434
1.772,-6.587233652753829,9.470560503767453,-7.8236978816986165,10.127917791541659,1.0,0.0,-3.9869391918182373,-3.3925840854644775
1.774,-6.602896996273993,9.490802769014195,-7.831671760082253,10.12113262337073,1.0,0.0,-3.9017462730407715,-3.399496555328369
1.776,-6.61857594677925,9.511031436274715,-7.8394752526283344,10.114333630260074,1.0,0.0,-3.8142549991607666,-3.402891159057617
1.778,-6.634270154304504,9.531246491970599,-7.847103762626656,10.107527847941958,1.0,0.0,-3.7256782054901123,-3.4014008045196533
1.78,-6.649979264542579,9.551447942063264,-7.854555119037636,10.100725046332919,1.0,0.0,-3.637206554412842,-3.393537998199463
1.782,-6.665702923606872,9.571635818003937,-7.861829532146462,10.093937970336519,1.0,0.0,-3.5500266551971436,-3.37797212600708
1.784,-6.681440782777786,9.591810182056106,-7.868929585456857,10.087182026084506,1.0,0.0,-3.465202808380127,-3.3532426357269287
1.786,-6.6971925027599335,9.611971133137732,-7.875859991073617,10.080475540813051,1.0,0.0,-3.3837475776672363,-3.3181471824645996
1.788,-6.712957757732392,9.63211881163063,-7.882627486228952,10.073839246448122,1.0,0.0,-3.3065295219421387,-3.2715649604797363
1.79,-6.728736238822937,9.652253403863684,-7.889240545272836,10.067296116527162,1.0,0.0,-3.2342731952667236,-3.2127492427825928
1.792,-6.744527657006263,9.672375145099767,-7.895709091663369,10.060870618041596,1.0,0.0,-3.1675679683685303,-3.141024589538574
1.794,-6.760331745461464,9.692484322237492,-7.902044227600107,10.054588568862519,1.0,0.0,-3.1068227291107178,-3.056149959564209
1.796,-6.776148261207581,9.71258127477538,-7.908257873058329,10.048476268943391,1.0,0.0,-3.052321672439575,-2.9581139087677
1.798,-6.791976986240387,9.732666394857631,-7.914362516403208,10.042560041125856,1.0,0.0,-3.0041894912719727,-2.847224235534668
1.8,-6.807817728031159,9.75274012604294,-7.9203708953857515,10.036865592654786,1.0,0.0,-2.9624171257019043,-2.724071502685547
1.802,-6.823670319490433,9.77280296094224,-7.926295729637156,10.031417449649416,1.0,0.0,-2.9268789291381836,-2.5895307064056396
1.804,-6.839534618465424,9.792855437718714,-7.932149487495432,10.026238388236605,1.0,0.0,-2.897326707839966,-2.4447431564331055
1.806,-6.855410506747247,9.81289813552256,-7.937944140911112,10.021348901923739,1.0,0.0,-2.8734521865844727,-2.2910022735595703
1.808,-6.871297888837815,9.832931669317315,-7.943691045284281,10.01676689737662,1.0,0.0,-2.8548500537872314,-2.1298489570617676
1.81,-6.887196690328599,9.85295668371624,-7.949400745391855,10.012507199462496,1.0,0.0,-2.841082811355591,-1.9628969430923462
1.812,-6.903106856150628,9.872973846527392,-7.955082911014566,10.008581405576312,1.0,0.0,-2.831662178039551,-1.7919152975082397
1.814,-6.919028348621369,9.892983841677355,-7.960746235370645,10.004997574981296,1.0,0.0,-2.8260908126831055,-1.6187176704406738
1.816,-6.934961145455361,9.912987361956635,-7.966398416996011,10.001760139640414,1.0,0.0,-2.823868989944458,-1.445054292678833
1.818,-6.950905237765313,9.932985102018744,-7.972046154975899,9.998870031055056,1.0,0.0,-2.8244845867156982,-1.2727482318878174
1.82,-6.966860628013611,9.952977751087927,-7.977695124149331,9.99632453459128,1.0,0.0,-2.8274734020233154,-1.10348379611969
1.822,-6.982827328155518,9.972965986221924,-7.983350070953377,9.994117566999039,1.0,0.0,-2.83237624168396,-0.9388841390609741
1.824,-6.998805357802392,9.992950465819366,-7.989014823436745,9.992239798720917,1.0,0.0,-2.8387997150421143,-0.7804407477378845
1.826,-7.014794742648125,10.012931823653817,-7.994692422866829,9.990678917225441,1.0,0.0,-2.8463618755340576,-0.6294239163398743
1.828,-7.030795512941361,10.032910663792602,-8.000385146617898,9.98942006939276,1.0,0.0,-2.854731321334839,-0.487077921628952
1.83,-7.046807702159882,10.052887555619701,-8.006094609260568,9.988445913549503,1.0,0.0,-2.8636233806610107,-0.35436272621154785
1.832,-7.062831345871925,10.072863029995895,-8.011821856021891,9.98773718809708,1.0,0.0,-2.8728182315826416,-0.2320403754711151
1.834,-7.078866480856895,10.092837576210588,-8.017567492485057,9.987273107346137,1.0,0.0,-2.8821043968200684,-0.12073197960853577
1.836,-7.094913144259452,10.112811639497362,-8.023331701278696,9.98703164338692,1.0,0.0,-2.891348123550415,-0.02080918848514557
1.838,-7.110971373054504,10.132785619547382,-8.029114397525797,9.98699002500995,1.0,0.0,-2.9004111289978027,0.0675256997346878
1.84,-7.1270412034940716,10.152759869700201,-8.034915219783793,9.98712507640942,1.0,0.0,-2.9092466831207275,0.14424560964107513
1.842,-7.143122670920372,10.172734696835459,-8.040733713150034,9.987413567628701,1.0,0.0,-2.917780637741089,0.20954464375972748
1.844,-7.159215809469223,10.192710362149292,-8.046569274425517,9.98783265691622,1.0,0.0,-2.925987482070923,0.2637285888195038
1.846,-7.175320651968002,10.21268708237748,-8.052421249389658,9.98836011409386,1.0,0.0,-2.933868169784546,0.307292640209198
1.848,-7.191437229939461,10.232665031776229,-8.058288985729227,9.988974699374278,1.0,0.0,-2.9414122104644775,0.3408730924129486
1.85,-7.207565573559761,10.252644344667347,-8.064171810150157,9.989656445559104,1.0,0.0,-2.9486634731292725,0.3652133643627167
1.852,-7.223705711833954,10.272625118411923,-8.070069137096414,9.99038687228783,1.0,0.0,-2.9556283950805664,0.38111910223960876
1.854,-7.239857672621728,10.292607416632908,-8.075980393886576,9.99114911049231,1.0,0.0,-2.9623329639434814,0.389591246843338
1.856,-7.256021482741357,10.31259127321888,-8.081905059814463,9.991928292985998,1.0,0.0,-2.9687929153442383,0.3916013836860657
1.858,-7.272197168032647,10.332576696210387,-8.087842645645152,9.99271149575337,1.0,0.0,-2.975048065185547,0.3881927728652954
1.86,-7.288384753516198,10.352563671972986,-8.093792741775523,9.993487881299101,1.0,0.0,-2.9810843467712402,0.3805321753025055
1.862,-7.304584263337135,10.372552169864285,-8.099754910469066,9.994248945649707,1.0,0.0,-2.9869322776794434,0.3696111738681793
1.864,-7.320795720887184,10.39254214620028,-8.105728775024426,9.994988167997443,1.0,0.0,-2.992581367492676,0.3566153347492218
1.866,-7.337019148762703,10.412533548997613,-8.111713937759411,9.995701398666942,1.0,0.0,-2.9980273246765137,0.3426573872566223
1.868,-7.353254568747521,10.432526322424497,-8.117709992408765,9.996386713441455,1.0,0.0,-3.003248691558838,0.328727662563324
1.87,-7.3695020017271045,10.45252041076203,-8.123716489791882,9.997044168766582,1.0,0.0,-3.008230686187744,0.31589415669441223
1.872,-7.3857614676294325,10.47251576267619,-8.129732951164257,9.99767595707997,1.0,0.0,-3.0129432678222656,0.3051660656929016
1.874,-7.402032985304833,10.492512335254613,-8.135758837699901,9.998286289211356,1.0,0.0,-3.0173380374908447,0.29733845591545105
1.8760000000000001,-7.418316572332382,10.51251009718686,-8.141793513774884,9.998880966123187,1.0,0.0,-3.021380662918091,0.29328998923301697
1.8780000000000001,-7.434612244882584,10.532509032279064,-8.14783627510072,9.999467546101652,1.0,0.0,-3.025022506713867,0.29372987151145935
1.8800000000000001,-7.4509200175228125,10.552509142290754,-8.153886320114148,10.000055005844676,1.0,0.0,-3.028214693069458,0.299275666475296
1.8820000000000001,-7.467239903021813,10.57251044940511,-8.159942749500287,10.000653557177626,1.0,0.0,-3.03090238571167,0.3104013204574585
1.8840000000000001,-7.4835719121303566,10.592512998124747,-8.16600455427171,10.001274359818542,1.0,0.0,-3.0330278873443604,0.3275844156742096
1.8860000000000001,-7.499916053350449,10.612516857182046,-8.172070610046399,10.00192952864989,1.0,0.0,-3.0345327854156494,0.3510848581790924
1.8880000000000001,-7.516272332701684,10.632522120578779,-8.17813967561723,10.00263169836625,1.0,0.0,-3.035348892211914,0.38101089000701904
1.8900000000000001,-7.532640753448487,10.652528908019072,-8.184210373401653,10.003393720146263,1.0,0.0,-3.0354371070861816,0.41750362515449524
1.8920000000000001,-7.549021315943719,10.672537365473865,-8.190281247615825,10.004228727396573,1.0,0.0,-3.034722328186035,0.46046075224876404
1.8940000000000001,-7.565414017328263,10.692547664771666,-8.196350692272198,10.005149648901071,1.0,0.0,-3.0331459045410156,0.5097058415412903
1.8960000000000001,-7.5818188512964255,10.712560002892834,-8.20241698408128,10.006169060584153,1.0,0.0,-3.0306382179260254,0.5649483799934387
1.8980000000000001,-7.59823580781746,10.732574600807522,-8.208478260517133,10.00729895734414,1.0,0.0,-3.027174711227417,0.6258283853530884
1.9000000000000001,-7.614664873037339,10.752591702035753,-8.214532609939587,10.008550614114847,1.0,0.0,-3.0226516723632812,0.6918731331825256
1.9020000000000001,-7.631106028863908,10.772611570756515,-8.220577913284314,10.009934360381212,1.0,0.0,-3.017045021057129,0.7625109553337097
1.9040000000000001,-7.64755925287056,10.792634489521099,-8.226612003326428,10.01145938229188,1.0,0.0,-3.0102896690368652,0.83711838722229
1.9060000000000001,-7.664024518035889,10.812660756759232,-8.232632582664502,10.013133619066325,1.0,0.0,-3.0023465156555176,0.9150345325469971
1.9080000000000001,-7.680501792587281,10.832690684135494,-8.238637275695813,10.014963688131418,1.0,0.0,-2.993170738220215,0.9955300092697144
1.9100000000000001,-7.696991039821625,10.852724593631795,-8.244623617172254,10.016954748149958,1.0,0.0,-2.9827167987823486,1.0778380632400513
1.9120000000000001,-7.713492217923164,10.872762814480348,-8.250589050769818,10.019110424276437,1.0,0.0,-2.970954656600952,1.1611894369125366
1.9140000000000001,-7.73000527984333,10.892805680086648,-8.25653096008302,10.021432803150262,1.0,0.0,-2.9578771591186523,1.2448112964630127
1.9160000000000001,-7.746530173272133,10.912853524938134,-8.262446714401259,10.023922425743187,1.0,0.0,-2.943451166152954,1.327943205833435
1.9180000000000001,-7.7630668405056,10.932906681562443,-8.268333616733564,10.026578312154854,1.0,0.0,-2.927684783935547,1.4098260402679443
1.92,-7.779615218478202,10.952965477490913,-8.274188986301436,10.02939796423539,1.0,0.0,-2.910586357116699,1.489789366722107
1.922,-7.796175238796233,10.973030232576852,-8.280010159015669,10.032377542968835,1.0,0.0,-2.8921892642974854,1.5671573877334595
1.924,-7.8127468278713215,10.99310125629234,-8.285794537544264,10.035511857744302,1.0,0.0,-2.872528314590454,1.641374945640564
1.926,-7.829329907059669,11.01317884550761,-8.291539594173445,10.038794607635584,1.0,0.0,-2.85166072845459,1.7118850946426392
1.928,-7.84592439289093,11.03326328226326,-8.297242915630354,10.042218377824868,1.0,0.0,-2.8296539783477783,1.778306245803833
1.93,-7.862530197338104,11.053354832243892,-8.30290222358705,10.045774990316476,1.0,0.0,-2.8066084384918213,1.840314269065857
1.932,-7.879147228219032,11.0734537434816,-8.308515440464035,10.049455618854607,1.0,0.0,-2.7826387882232666,1.8976627588272095
1.934,-7.895775389655113,11.093560245370345,-8.314080718040481,10.05325094437226,1.0,0.0,-2.7578580379486084,1.9502623081207275
1.936,-7.912414582523346,11.113674548308321,-8.319596434116379,10.057151468988502,1.0,0.0,-2.7324271202087402,1.998077154159546
1.938,-7.92906470510006,11.133796843554915,-8.325061288356796,10.061147623296822,1.0,0.0,-2.7064967155456543,2.0412447452545166
1.94,-7.945725653663636,11.15392730378049,-8.330474281787888,10.065230112787331,1.0,0.0,-2.6802620887756348,2.07997465133667
1.942,-7.9623973232755665,11.17406608390467,-8.335834805965439,10.069390062090005,1.0,0.0,-2.6539061069488525,2.114567995071411
1.944,-7.979079608511925,11.19421332230083,-8.341142618179337,10.073619198080147,1.0,0.0,-2.627622604370117,2.1454830169677734
1.946,-7.995772404238701,11.214369142629058,-8.346397863388077,10.077910164114082,1.0,0.0,-2.601635217666626,2.173194408416748
1.948,-8.012475606506348,11.23453365573492,-8.35160113382341,10.082256552930914,1.0,0.0,-2.5761420726776123,2.1983063220977783
1.95,-8.029189113342285,11.25470696206607,-8.356753417968765,10.08665316557511,1.0,0.0,-2.5513336658477783,2.2214527130126953
1.952,-8.045912825512886,11.274889154208072,-8.36185608530046,10.091096071001134,1.0,0.0,-2.5274219512939453,2.2432827949523926
1.954,-8.062646647371292,11.295080319481254,-8.366910929203048,10.09558263659104,1.0,0.0,-2.5045886039733887,2.264526128768921
1.956,-8.079390487584114,11.315280542858952,-8.371920106410995,10.100111688848578,1.0,0.0,-2.482969284057617,2.285780191421509
1.958,-8.096144259674071,11.335489909357415,-8.376886044979111,10.104683249231421,1.0,0.0,-2.4627201557159424,2.3077445030212402
1.96,-8.112907882644652,11.35570850683389,-8.381811485290543,10.109298738237463,1.0,0.0,-2.443901300430298,2.3308684825897217
1.962,-8.129681281220435,11.375936427784296,-8.386699287891403,10.113960475202642,1.0,0.0,-2.4265947341918945,2.3556697368621826
1.964,-8.146464386175154,11.396173771413649,-8.391552477359786,10.118671814676366,1.0,0.0,-2.4108057022094727,2.3824496269226074
1.966,-8.163257134352682,11.416420644841509,-8.396374088764205,10.12343671393021,1.0,0.0,-2.3965039253234863,2.411372184753418
1.968,-8.180059468545911,11.436677163758109,-8.401167096614852,10.128259458299718,1.0,0.0,-2.383594036102295,2.4424402713775635
1.97,-8.196871337115285,11.456943452435794,-8.405934284687056,10.133144338842474,1.0,0.0,-2.371973991394043,2.4754974842071533
1.972,-8.213692693580624,11.477219643103416,-8.410678232669845,10.138095333810888,1.0,0.0,-2.361482620239258,2.5102460384368896
1.974,-8.230523495976446,11.497505874755191,-8.415401197910324,10.143115825887762,1.0,0.0,-2.3519132137298584,2.5461013317108154
1.976,-8.247363706025121,11.517802290812293,-8.420105024337783,10.148208028551183,1.0,0.0,-2.343078136444092,2.5825116634368896
1.978,-8.264213288386342,11.53810903691605,-8.42479118061067,10.153373051878058,1.0,0.0,-2.334751605987549,2.6187198162078857
1.98,-8.281072209753987,11.55842625789907,-8.429460683822645,10.158610491510473,1.0,0.0,-2.326738119125366,2.653916358947754
1.982,-8.297940438074109,11.578754094547527,-8.434114160060895,10.163918324228367,1.0,0.0,-2.3188745975494385,2.6872897148132324
1.984,-8.31481794189262,11.599092680354843,-8.438751909255995,10.169292903657993,1.0,0.0,-2.311032772064209,2.7181179523468018
1.986,-8.331704689842221,11.61944213863397,-8.443373974800123,10.174729139562688,1.0,0.0,-2.3031630516052246,2.7457821369171143
1.988,-8.348600650444027,11.639802580041643,-8.447980300903334,10.180220703836522,1.0,0.0,-2.2953264713287354,2.7699108123779297
1.99,-8.365505792351719,11.660174101092565,-8.45257095384599,10.185760525461278,1.0,0.0,-2.2876474857330322,2.7902896404266357
1.992,-8.382420084849354,11.68055678330205,-8.457146248817457,10.191341104742131,1.0,0.0,-2.2804176807403564,2.8071939945220947
1.994,-8.399343499017712,11.700950694287512,-8.461707084178938,10.196955492731176,1.0,0.0,-2.2740209102630615,2.821146011352539
1.996,-8.416276009269712,11.72135588985702,-8.466255125999464,10.20259778475388,1.0,0.0,-2.26896333694458,2.8331573009490967
1.998,-8.433217595375059,11.741772418055731,-8.470793052673352,10.208264099355778,1.0,0.0,-2.2658913135528564,2.844587564468384
